Filename,Polyglot_Type,Triage_Sample_ID,Analysis_Status,Triage_Score
2a7fe2483a7d71e13986b7dee3719cd176714af364e398576a8193620f0c3ff6_cavity.py,cavity,260523-w3kglsgx8l,reported,0
486a9a79bbb81abee2e81679ace6267c3f3e37d9b8c8074f9ec7aebc9be75cdd_cavity.py,cavity,260523-w3mlzagx8n,reported,0
f00be13bbfe31b19483bfeed8b53756f2bf3fc3d050d94cb079fa7365b322364_cavity.py,cavity,260523-w3pfkagx8r,reported,0
cf184d04ca31fb2b6b7efd85399c29c1136b539153e137ceb3877b1b905791de_cavity.py,cavity,260523-w3q96agx9j,reported,0
0392aa0e39bf544532b042cd21ec49f3aa20ca1fc6dc15ea72b68a0f41213455_cavity.py,cavity,260523-w3tqaabw6t,reported,0
6969e4c81072b318fd1d31c6d96564c0ab0f4c0e20e8e057beac583159dd51d8_cavity.py,cavity,260523-w3wjwagx9m,reported,0
556b4946ba26feba347c8884ba2c64dc5bc11f609845559f75fc72e899a82c07_cavity.py,cavity,260523-w3ydgabw6v,reported,0
1c218d15b35b79d762b966db8bc2ca90fc62a95903bd78ac85648de1d828dbce_cavity.py,cavity,260523-w3z73abw6y,reported,0
10f86be3e564f2e463e45420eb5f9fbdb14f7427eac665cd9cc7901efbc4cc59_cavity.py,cavity,260523-w32qwsbw61,reported,0
e30b0287b47379359ca5239ecf5fde7d6a125675934210496ca064747c194de7_cavity.py,cavity,260523-w34kgsbw7v,reported,0
5a1b440861ef652cc207158e7e129f0b3a22ed5ef5d2ea5968e1d9eff33017bc_cavity.py,cavity,260523-w354babw7x,reported,0
f3dd99524ddbfb2f1e42048c7f68e683137fb2fa126ef9a0bf48dbdaa0857278_cavity.py,cavity,260523-w37xxabw7z,reported,0
9ece783ac52c9ec2f6bdfa669763a7ed1bbb24af1e04e029a0a91954582690cf_cavity.py,cavity,260523-w3929sbw8s,reported,0
78570320045cf05f9297839bac1378d953155ca5fddc0cd53ce2844edaca29c5_cavity.py,cavity,260523-w4b7magx9p,reported,0
7dbaad67ef4112785a65d901584a5b1bbc315a18912f1706249b415fe29f1ac0_cavity.py,cavity,260523-w4dqfsgx9r,reported,0
03c5d13d880ac4db8f9b45bda438e286a75a60f72ef26cf45670b31ffa92482e_cavity.py,cavity,260523-w4fvtagy2k,reported,0
f83cffaa8d6b6288ec88525b51548e76e3d8baa14b61fca3f5015be7d2d31aba_cavity.py,cavity,260523-w4hpeagy2l,reported,0
5a93226b0b602d30c66ef903459936a7714ede1374be5f479ae0495391581579_cavity.py,cavity,260523-w4ktrsbw8y,reported,0
b28bbedac88d0b52531cf344f25ef95fe364e0f3ff9e5105a119f379d83c6ebd_cavity.py,cavity,260523-w4nknagy2p,reported,0
39bbc16028fd46bf4ddad49c21439504d3f6f42cccbd30945a2d2fdb4ce393a4_cavity.py,cavity,260523-w4qd9agy2q,reported,0
f3d173ab5408029e92906b8a71474a6f32722d09a89a53b977b5c40ac6e8805c_cavity.py,cavity,260523-w4r8vagy3j,reported,0
463d26ec78bb1d53aae065556a77bf0ec9b39d4a45e282aa6198230ac97fd30f_cavity.py,cavity,260523-w4t3fagy3k,reported,0
5e86690eda5da11ff95e7264f1a9337c3c3194605bb29a1798a16cad8accc433_cavity.py,cavity,260523-w4w7ssgy3l,reported,0
f3585f4b17cb8a3837aa63cef4a1f28a945567386b2705b954a169fd11b82a86_cavity.py,cavity,260523-w4y2dsgy3n,reported,0
f6d47d223401627eb4978b7582368854d271d6446b3137dac5ce99cb46efd886_cavity.py,cavity,260523-w416ragy3p,reported,0
8e615f192dbbb13f51df1e2fdc0a1d31912d0936c83c189b6721d690322d90b9_cavity.py,cavity,260523-w431cabw9v,reported,0
c551aecf19bbe94d697402d6e2f489cf7d60aca355223bcd78070d7bef99dc40_cavity.py,cavity,260523-w45tyagy4j,reported,0
4872e6a6ffd752e71e6e925294a0da3a96d0f9ac4bb74c061391a9d560161b67_cavity.py,cavity,260523-w47njagy4l,reported,0
7cefe4bb39d8a7c3c830808e2ea459cf25debc999f1e339c837b155b1de96a78_cavity.py,cavity,260523-w49g5agy4n,reported,0
aaa20b39bcf056f42509069dc3faccefd70cd69a3972560fe7c3745c9c40e1f7_cavity.py,cavity,260523-w5a1ysgy4p,reported,0
ad8a819d7b68905fa6a8425295755c329504dd0bb48b2fba8dd17e54562b0c6f_cavity.py,cavity,260523-w5cvjsgy5k,reported,0
e99582098d27cfa84ca98097261e03d597590c6ec15d2f2cc30e2bff5cbed899_cavity.py,cavity,260523-w5en5sgy5q,reported,0
42781bedd84797c10bee4945eb97a6a71d72f892e0cba8403f8de5812031a14d_cavity.py,cavity,260523-w5ghqsgy6j,reported,0
aa89169a746709de1fd18510fc6e8850a863ebcc419ba0ca21fa479e59730c6e_cavity.py,cavity,260523-w5jcbsbw9y,reported,0
6d3e529a4f86971e5c870ac757b57e1b65452bd134f5dad8d7a34bd96bee6f62_cavity.py,cavity,260523-w5k6xsbx2v,reported,0
46087c924131351976831d38a4f8a2beb722eac0b47026bb0961f01caf7a50f9_cavity.py,cavity,260523-w5m1hsbx2w,reported,0
3ca2a5e7f99ccff9b88b67c1919a3cce5fe19adf2aa85ed3884c3da48bfc5d14_cavity.py,cavity,260523-w5pt4sbx2z,reported,0
a6faea343b069ecc37f31392f36a533c6277530c6aabab90c6dedbd7429ecde1_cavity.py,cavity,260523-w5rnpsbx21,reported,0
c887c91e88f709630327d9c57ea3e57bd0d66ae409a35a4d8b7673f3faa4af37_cavity.py,cavity,260523-w5thasbx3v,reported,0
0bfc2b5594e9563b60bdce2deb8d1bd3766a8a574bbc5dc604f4eaad5723fcf4_cavity.py,cavity,260523-w5wbwsbx3w,reported,0
07183a60ebcb02546c53e82d92da3ddcf447d7a1438496c4437ec06b4d9eb287_cavity.py,cavity,260523-w5x6gsbx3x,reported,0
4dba4e8fb73226d18caedccaf01b8a1b6598a5905d4ee81612f6b6a0f661b1e3_cavity.py,cavity,260523-w5zz3sgy6k,reported,0
40ea161cc38d2849964d2a3c047b4dcc161242f5e7ffab40667a7d02160a49df_cavity.py,cavity,260523-w52tnsgy6p,reported,0
b5f602421c9cc9519d2178383c2e0afd652f662656be3b4f3de5c47d0413bc42_cavity.py,cavity,260523-w54y2agy6r,reported,0
28549faab4a2757dc4eb922a7ad3bfa7981f9a132218ae530856ae6da3bc03e6_cavity.py,cavity,260523-w564dsgy7j,reported,0
54286aec8508e043e76848659e560627478bf2114646a2c201f9b5f614def54a_cavity.py,cavity,260523-w58xzsbx31,reported,0
cca2f7678b80b03562f6ffa618b2ee725b5098bab88f9be1b924cc6ad56538d5_cavity.py,cavity,260523-w6arksbx4t,reported,0
d410c41b9ed69673f53f75ebe6649bfa4059b9fac2d8e9a638672f53ff2219ca_cavity.py,cavity,260523-w6ck6sgy7n,reported,0
5d1f6900788d983ad8cb03a2aedc07523b4d910ad6f722bed123b7a64e280f3e_cavity.py,cavity,260523-w6e2asgy7r,reported,0
26fee24f1ec18342488e92419c898cd2b3de75909e789e6d5c3e19c70a0d747b_cavity.py,cavity,260523-w6g6nagy8l,reported,0
78570320045cf05f9297839bac1378d953155ca5fddc0cd53ce2844edaca29c5_stack.py,stack,260523-w6ka1sgy8m,reported,0
3ca2a5e7f99ccff9b88b67c1919a3cce5fe19adf2aa85ed3884c3da48bfc5d14_stack.py,stack,260523-w6l5lsgy8p,reported,0
40ea161cc38d2849964d2a3c047b4dcc161242f5e7ffab40667a7d02160a49df_stack.py,stack,260523-w6ny7sbx4v,reported,0
b5f602421c9cc9519d2178383c2e0afd652f662656be3b4f3de5c47d0413bc42_stack.py,stack,260523-w6q4kabx4x,reported,0
07183a60ebcb02546c53e82d92da3ddcf447d7a1438496c4437ec06b4d9eb287_stack.py,stack,260523-w6sx6abx4y,reported,0
8e615f192dbbb13f51df1e2fdc0a1d31912d0936c83c189b6721d690322d90b9_stack.py,stack,260523-w6vrragy9n,reported,0
f3dd99524ddbfb2f1e42048c7f68e683137fb2fa126ef9a0bf48dbdaa0857278_stack.py,stack,260523-w6xw4sgy9q,reported,0
9ece783ac52c9ec2f6bdfa669763a7ed1bbb24af1e04e029a0a91954582690cf_stack.py,stack,260523-w6z2gagz2k,reported,0
c887c91e88f709630327d9c57ea3e57bd0d66ae409a35a4d8b7673f3faa4af37_stack.py,stack,260523-w62v3agz2l,reported,0
f00be13bbfe31b19483bfeed8b53756f2bf3fc3d050d94cb079fa7365b322364_stack.py,stack,260523-w64pnabx41,reported,0
0392aa0e39bf544532b042cd21ec49f3aa20ca1fc6dc15ea72b68a0f41213455_stack.py,stack,260523-w67fjsbx5t,reported,0
ad8a819d7b68905fa6a8425295755c329504dd0bb48b2fba8dd17e54562b0c6f_stack.py,stack,260523-w6895sbx5v,reported,0
10f86be3e564f2e463e45420eb5f9fbdb14f7427eac665cd9cc7901efbc4cc59_stack.py,stack,260523-w7a4qsbx51,reported,0
486a9a79bbb81abee2e81679ace6267c3f3e37d9b8c8074f9ec7aebc9be75cdd_stack.py,stack,260523-w7cybsbx6t,reported,0
6d3e529a4f86971e5c870ac757b57e1b65452bd134f5dad8d7a34bd96bee6f62_stack.py,stack,260523-w7e3pabx6w,reported,0
d410c41b9ed69673f53f75ebe6649bfa4059b9fac2d8e9a638672f53ff2219ca_stack.py,stack,260523-w7gxaabx6x,reported,0
5a1b440861ef652cc207158e7e129f0b3a22ed5ef5d2ea5968e1d9eff33017bc_stack.py,stack,260523-w7jqwagz3k,reported,0
42781bedd84797c10bee4945eb97a6a71d72f892e0cba8403f8de5812031a14d_stack.py,stack,260523-w7k9psbx61,reported,0
f83cffaa8d6b6288ec88525b51548e76e3d8baa14b61fca3f5015be7d2d31aba_stack.py,stack,260523-w7m4asbx7v,reported,0
f3d173ab5408029e92906b8a71474a6f32722d09a89a53b977b5c40ac6e8805c_stack.py,stack,260523-w7pxwsgz3m,reported,0
6969e4c81072b318fd1d31c6d96564c0ab0f4c0e20e8e057beac583159dd51d8_stack.py,stack,260523-w7rrgsgz3q,reported,0
463d26ec78bb1d53aae065556a77bf0ec9b39d4a45e282aa6198230ac97fd30f_stack.py,stack,260523-w7tk3sgz4l,reported,0
c551aecf19bbe94d697402d6e2f489cf7d60aca355223bcd78070d7bef99dc40_stack.py,stack,260523-w7v4xagz4n,reported,0
aa89169a746709de1fd18510fc6e8850a863ebcc419ba0ca21fa479e59730c6e_stack.py,stack,260523-w7x89sgz4p,reported,0
0bfc2b5594e9563b60bdce2deb8d1bd3766a8a574bbc5dc604f4eaad5723fcf4_stack.py,stack,260523-w7z3vsbx7w,reported,0
4dba4e8fb73226d18caedccaf01b8a1b6598a5905d4ee81612f6b6a0f661b1e3_stack.py,stack,260523-w72xfsgz5j,reported,0
cca2f7678b80b03562f6ffa618b2ee725b5098bab88f9be1b924cc6ad56538d5_stack.py,stack,260523-w742tagz5l,reported,0
5e86690eda5da11ff95e7264f1a9337c3c3194605bb29a1798a16cad8accc433_stack.py,stack,260523-w76weabx8t,reported,0
4872e6a6ffd752e71e6e925294a0da3a96d0f9ac4bb74c061391a9d560161b67_stack.py,stack,260523-w78p1agz5m,reported,0
7dbaad67ef4112785a65d901584a5b1bbc315a18912f1706249b415fe29f1ac0_stack.py,stack,260523-w8avcsgz5r,reported,0
39bbc16028fd46bf4ddad49c21439504d3f6f42cccbd30945a2d2fdb4ce393a4_stack.py,stack,260523-w8b3esgz6j,reported,0
54286aec8508e043e76848659e560627478bf2114646a2c201f9b5f614def54a_stack.py,stack,260523-w8dw1sgz6n,reported,0
1c218d15b35b79d762b966db8bc2ca90fc62a95903bd78ac85648de1d828dbce_stack.py,stack,260523-w8fqlsgz6p,reported,0
cf184d04ca31fb2b6b7efd85399c29c1136b539153e137ceb3877b1b905791de_stack.py,stack,260523-w8hj7sgz7j,reported,0
a6faea343b069ecc37f31392f36a533c6277530c6aabab90c6dedbd7429ecde1_stack.py,stack,260523-w8kdssgz7l,reported,0
e99582098d27cfa84ca98097261e03d597590c6ec15d2f2cc30e2bff5cbed899_stack.py,stack,260523-w8mh6agz7q,reported,0
28549faab4a2757dc4eb922a7ad3bfa7981f9a132218ae530856ae6da3bc03e6_stack.py,stack,260523-w8pnhsgz8j,reported,0
2a7fe2483a7d71e13986b7dee3719cd176714af364e398576a8193620f0c3ff6_stack.py,stack,260523-w8r4msbx9w,reported,0
46087c924131351976831d38a4f8a2beb722eac0b47026bb0961f01caf7a50f9_stack.py,stack,260523-w8tmgabx9y,reported,0
26fee24f1ec18342488e92419c898cd2b3de75909e789e6d5c3e19c70a0d747b_stack.py,stack,260523-w8xn5aby2s,reported,0
e30b0287b47379359ca5239ecf5fde7d6a125675934210496ca064747c194de7_stack.py,stack,260523-w8zhqaby2v,reported,0
aaa20b39bcf056f42509069dc3faccefd70cd69a3972560fe7c3745c9c40e1f7_stack.py,stack,260523-w82cbaby2x,reported,0
556b4946ba26feba347c8884ba2c64dc5bc11f609845559f75fc72e899a82c07_stack.py,stack,260523-w84gnsby2z,reported,0
f6d47d223401627eb4978b7582368854d271d6446b3137dac5ce99cb46efd886_stack.py,stack,260523-w86l2aby3s,reported,0
7cefe4bb39d8a7c3c830808e2ea459cf25debc999f1e339c837b155b1de96a78_stack.py,stack,260523-w88fmaby3v,reported,0
b28bbedac88d0b52531cf344f25ef95fe364e0f3ff9e5105a119f379d83c6ebd_stack.py,stack,260523-w9a7hsby3x,reported,0
5d1f6900788d983ad8cb03a2aedc07523b4d910ad6f722bed123b7a64e280f3e_stack.py,stack,260523-w9cqcaby3y,reported,0
03c5d13d880ac4db8f9b45bda438e286a75a60f72ef26cf45670b31ffa92482e_stack.py,stack,260523-w9e6gaby31,reported,0
5a93226b0b602d30c66ef903459936a7714ede1374be5f479ae0495391581579_stack.py,stack,260523-w9hllaby4s,reported,0
f3585f4b17cb8a3837aa63cef4a1f28a945567386b2705b954a169fd11b82a86_stack.py,stack,260523-w9ke7agz8l,reported,0
aa89169a746709de1fd18510fc6e8850a863ebcc419ba0ca21fa479e59730c6e_zipper.py,zipper,260523-w9mkjsgz8p,reported,0
2a7fe2483a7d71e13986b7dee3719cd176714af364e398576a8193620f0c3ff6_zipper.py,zipper,260523-w9nslsgz8q,reported,0
e99582098d27cfa84ca98097261e03d597590c6ec15d2f2cc30e2bff5cbed899_zipper.py,zipper,260523-w9qxzaby4v,reported,0
5e86690eda5da11ff95e7264f1a9337c3c3194605bb29a1798a16cad8accc433_zipper.py,zipper,260523-w9srkaby4w,reported,0
28549faab4a2757dc4eb922a7ad3bfa7981f9a132218ae530856ae6da3bc03e6_zipper.py,zipper,260523-w9vwxsby4x,reported,0
7cefe4bb39d8a7c3c830808e2ea459cf25debc999f1e339c837b155b1de96a78_zipper.py,zipper,260523-w9xqhsgz9m,reported,0
d410c41b9ed69673f53f75ebe6649bfa4059b9fac2d8e9a638672f53ff2219ca_zipper.py,zipper,260523-w9zj4sgz9n,reported,0
cf184d04ca31fb2b6b7efd85399c29c1136b539153e137ceb3877b1b905791de_zipper.py,zipper,260523-w913yagz9p,reported,0
3ca2a5e7f99ccff9b88b67c1919a3cce5fe19adf2aa85ed3884c3da48bfc5d14_zipper.py,zipper,260523-w93xjag12j,reported,0
54286aec8508e043e76848659e560627478bf2114646a2c201f9b5f614def54a_zipper.py,zipper,260523-w95q5ag12l,reported,0
0bfc2b5594e9563b60bdce2deb8d1bd3766a8a574bbc5dc604f4eaad5723fcf4_zipper.py,zipper,260523-w97kqag12m,reported,0
03c5d13d880ac4db8f9b45bda438e286a75a60f72ef26cf45670b31ffa92482e_zipper.py,zipper,260523-w99ebag12p,reported,0
556b4946ba26feba347c8884ba2c64dc5bc11f609845559f75fc72e899a82c07_zipper.py,zipper,260523-xaax5sg12q,reported,0
f00be13bbfe31b19483bfeed8b53756f2bf3fc3d050d94cb079fa7365b322364_zipper.py,zipper,260523-xac3hag13j,reported,0
f3585f4b17cb8a3837aa63cef4a1f28a945567386b2705b954a169fd11b82a86_zipper.py,zipper,260523-xaew4ag13k,reported,0
aaa20b39bcf056f42509069dc3faccefd70cd69a3972560fe7c3745c9c40e1f7_zipper.py,zipper,260523-xagexsby5s,reported,0
4dba4e8fb73226d18caedccaf01b8a1b6598a5905d4ee81612f6b6a0f661b1e3_zipper.py,zipper,260523-xah9hsby5t,reported,0
c887c91e88f709630327d9c57ea3e57bd0d66ae409a35a4d8b7673f3faa4af37_zipper.py,zipper,260523-xak34sby5w,reported,0
a6faea343b069ecc37f31392f36a533c6277530c6aabab90c6dedbd7429ecde1_zipper.py,zipper,260523-xamxpsby5y,reported,0
4872e6a6ffd752e71e6e925294a0da3a96d0f9ac4bb74c061391a9d560161b67_zipper.py,zipper,260523-xaprasby51,reported,0
42781bedd84797c10bee4945eb97a6a71d72f892e0cba8403f8de5812031a14d_zipper.py,zipper,260523-xarkwsby6v,reported,0
1c218d15b35b79d762b966db8bc2ca90fc62a95903bd78ac85648de1d828dbce_zipper.py,zipper,260523-xategsby6x,reported,0
f3d173ab5408029e92906b8a71474a6f32722d09a89a53b977b5c40ac6e8805c_zipper.py,zipper,260523-xav83sby6y,reported,0
9ece783ac52c9ec2f6bdfa669763a7ed1bbb24af1e04e029a0a91954582690cf_zipper.py,zipper,260523-xaydfaby61,reported,0
c551aecf19bbe94d697402d6e2f489cf7d60aca355223bcd78070d7bef99dc40_zipper.py,zipper,260523-xaz72aby7t,reported,0
b5f602421c9cc9519d2178383c2e0afd652f662656be3b4f3de5c47d0413bc42_zipper.py,zipper,260523-xa2qvsby7w,reported,0
07183a60ebcb02546c53e82d92da3ddcf447d7a1438496c4437ec06b4d9eb287_zipper.py,zipper,260523-xa4kfsby71,reported,0
e30b0287b47379359ca5239ecf5fde7d6a125675934210496ca064747c194de7_zipper.py,zipper,260523-xa6d2sby8t,reported,0
10f86be3e564f2e463e45420eb5f9fbdb14f7427eac665cd9cc7901efbc4cc59_zipper.py,zipper,260523-xa7l4sby8v,reported,0
5a93226b0b602d30c66ef903459936a7714ede1374be5f479ae0495391581579_zipper.py,zipper,260523-xa928sby8w,reported,0
cca2f7678b80b03562f6ffa618b2ee725b5098bab88f9be1b924cc6ad56538d5_zipper.py,zipper,260523-xbbwtsg13m,reported,0
ad8a819d7b68905fa6a8425295755c329504dd0bb48b2fba8dd17e54562b0c6f_zipper.py,zipper,260523-xbdqesg13n,reported,0
46087c924131351976831d38a4f8a2beb722eac0b47026bb0961f01caf7a50f9_zipper.py,zipper,260523-xbfj1sby8y,reported,0
f3dd99524ddbfb2f1e42048c7f68e683137fb2fa126ef9a0bf48dbdaa0857278_zipper.py,zipper,260523-xbhdlsby81,reported,0
78570320045cf05f9297839bac1378d953155ca5fddc0cd53ce2844edaca29c5_zipper.py,zipper,260523-xbktqsby9t,reported,0
6d3e529a4f86971e5c870ac757b57e1b65452bd134f5dad8d7a34bd96bee6f62_zipper.py,zipper,260523-xbmnbsg13r,reported,0
5a1b440861ef652cc207158e7e129f0b3a22ed5ef5d2ea5968e1d9eff33017bc_zipper.py,zipper,260523-xbpspag14l,reported,0
26fee24f1ec18342488e92419c898cd2b3de75909e789e6d5c3e19c70a0d747b_zipper.py,zipper,260523-xbr8tag14m,reported,0
40ea161cc38d2849964d2a3c047b4dcc161242f5e7ffab40667a7d02160a49df_zipper.py,zipper,260523-xbt3eag14p,reported,0
0392aa0e39bf544532b042cd21ec49f3aa20ca1fc6dc15ea72b68a0f41213455_zipper.py,zipper,260523-xbxhjag15j,reported,0
5d1f6900788d983ad8cb03a2aedc07523b4d910ad6f722bed123b7a64e280f3e_zipper.py,zipper,260523-xbzmwsg15l,reported,0
8e615f192dbbb13f51df1e2fdc0a1d31912d0936c83c189b6721d690322d90b9_zipper.py,zipper,260523-xb2r9ag15n,reported,0
b28bbedac88d0b52531cf344f25ef95fe364e0f3ff9e5105a119f379d83c6ebd_zipper.py,zipper,260523-xb5txag16j,reported,0
486a9a79bbb81abee2e81679ace6267c3f3e37d9b8c8074f9ec7aebc9be75cdd_zipper.py,zipper,260523-xb7nhaby9v,reported,0
f6d47d223401627eb4978b7582368854d271d6446b3137dac5ce99cb46efd886_zipper.py,zipper,260523-xb9g4aby9w,reported,0
7dbaad67ef4112785a65d901584a5b1bbc315a18912f1706249b415fe29f1ac0_zipper.py,zipper,260523-xcbbpaby9z,reported,0
39bbc16028fd46bf4ddad49c21439504d3f6f42cccbd30945a2d2fdb4ce393a4_zipper.py,zipper,260523-xcc6aabz2s,reported,0
463d26ec78bb1d53aae065556a77bf0ec9b39d4a45e282aa6198230ac97fd30f_zipper.py,zipper,260523-xcezwabz2x,reported,0
f83cffaa8d6b6288ec88525b51548e76e3d8baa14b61fca3f5015be7d2d31aba_zipper.py,zipper,260523-xcgtgabz2z,reported,0
6969e4c81072b318fd1d31c6d96564c0ab0f4c0e20e8e057beac583159dd51d8_zipper.py,zipper,260523-xcjm3abz3s,reported,0
486a9a79bbb81abee2e81679ace6267c3f3e37d9b8c8074f9ec7aebc9be75cdd_original.py,original,260526-n28ttagy5k,reported,0
0bfc2b5594e9563b60bdce2deb8d1bd3766a8a574bbc5dc604f4eaad5723fcf4_original.py,original,260526-n3acmsgy5m,reported,0
46087c924131351976831d38a4f8a2beb722eac0b47026bb0961f01caf7a50f9_original.py,original,260526-n3b68sgy5n,reported,0
42781bedd84797c10bee4945eb97a6a71d72f892e0cba8403f8de5812031a14d_original.py,original,260526-n3d1tsgy5q,reported,0
b5f602421c9cc9519d2178383c2e0afd652f662656be3b4f3de5c47d0413bc42_original.py,original,260526-n3fvesgy5r,reported,0
a6faea343b069ecc37f31392f36a533c6277530c6aabab90c6dedbd7429ecde1_original.py,original,260526-n3hzsabs6t,reported,0
cf184d04ca31fb2b6b7efd85399c29c1136b539153e137ceb3877b1b905791de_original.py,original,260526-n3khlsbs6w,reported,0
26fee24f1ec18342488e92419c898cd2b3de75909e789e6d5c3e19c70a0d747b_original.py,original,260526-n3mmzagy6k,reported,0
5a93226b0b602d30c66ef903459936a7714ede1374be5f479ae0495391581579_original.py,original,260526-n3p34abs7s,reported,0
aaa20b39bcf056f42509069dc3faccefd70cd69a3972560fe7c3745c9c40e1f7_original.py,original,260526-n3rxpabs7v,reported,0
39bbc16028fd46bf4ddad49c21439504d3f6f42cccbd30945a2d2fdb4ce393a4_original.py,original,260526-n3traabs7w,reported,0
5a1b440861ef652cc207158e7e129f0b3a22ed5ef5d2ea5968e1d9eff33017bc_original.py,original,260526-n3v94sbs7y,reported,0
f3d173ab5408029e92906b8a71474a6f32722d09a89a53b977b5c40ac6e8805c_original.py,original,260526-n3yegabs7z,reported,0
463d26ec78bb1d53aae065556a77bf0ec9b39d4a45e282aa6198230ac97fd30f_original.py,original,260526-n3zmjagy6n,reported,0
7cefe4bb39d8a7c3c830808e2ea459cf25debc999f1e339c837b155b1de96a78_original.py,original,260526-n32rwsgy6p,reported,0
d410c41b9ed69673f53f75ebe6649bfa4059b9fac2d8e9a638672f53ff2219ca_original.py,original,260526-n34aqagy6r,reported,0
28549faab4a2757dc4eb922a7ad3bfa7981f9a132218ae530856ae6da3bc03e6_original.py,original,260526-n355babs71,reported,0
5d1f6900788d983ad8cb03a2aedc07523b4d910ad6f722bed123b7a64e280f3e_original.py,original,260526-n38kfagy7k,reported,0
3ca2a5e7f99ccff9b88b67c1919a3cce5fe19adf2aa85ed3884c3da48bfc5d14_original.py,original,260526-n4ad2abs8t,reported,0
f83cffaa8d6b6288ec88525b51548e76e3d8baa14b61fca3f5015be7d2d31aba_original.py,original,260526-n4bxvsbs8w,reported,0
54286aec8508e043e76848659e560627478bf2114646a2c201f9b5f614def54a_original.py,original,260526-n4drfsgy7n,reported,0
cca2f7678b80b03562f6ffa618b2ee725b5098bab88f9be1b924cc6ad56538d5_original.py,original,260526-n4fk2sgy7p,reported,0
aa89169a746709de1fd18510fc6e8850a863ebcc419ba0ca21fa479e59730c6e_original.py,original,260526-n4hemsgy8j,reported,0
7dbaad67ef4112785a65d901584a5b1bbc315a18912f1706249b415fe29f1ac0_original.py,original,260526-n4j88sgy8k,reported,0
5e86690eda5da11ff95e7264f1a9337c3c3194605bb29a1798a16cad8accc433_original.py,original,260526-n4mdlagy8m,reported,0
f3dd99524ddbfb2f1e42048c7f68e683137fb2fa126ef9a0bf48dbdaa0857278_original.py,original,260526-n4nxesbs8y,reported,0
f6d47d223401627eb4978b7582368854d271d6446b3137dac5ce99cb46efd886_original.py,original,260526-n4q2sabs81,reported,0
b28bbedac88d0b52531cf344f25ef95fe364e0f3ff9e5105a119f379d83c6ebd_original.py,original,260526-n4tsnsbs9s,reported,0
f00be13bbfe31b19483bfeed8b53756f2bf3fc3d050d94cb079fa7365b322364_original.py,original,260526-n4wl9sgy8n,reported,0
03c5d13d880ac4db8f9b45bda438e286a75a60f72ef26cf45670b31ffa92482e_original.py,original,260526-n4yfvsgy8p,reported,0
1c218d15b35b79d762b966db8bc2ca90fc62a95903bd78ac85648de1d828dbce_original.py,original,260526-n41afsgy9k,reported,0
c551aecf19bbe94d697402d6e2f489cf7d60aca355223bcd78070d7bef99dc40_original.py,original,260526-n42taabs9v,reported,0
10f86be3e564f2e463e45420eb5f9fbdb14f7427eac665cd9cc7901efbc4cc59_original.py,original,260526-n44ymsgy9m,reported,0
f3585f4b17cb8a3837aa63cef4a1f28a945567386b2705b954a169fd11b82a86_original.py,original,260526-n46r8sgy9n,reported,0
ad8a819d7b68905fa6a8425295755c329504dd0bb48b2fba8dd17e54562b0c6f_original.py,original,260526-n48a3agy9p,reported,0
2a7fe2483a7d71e13986b7dee3719cd176714af364e398576a8193620f0c3ff6_original.py,original,260526-n5afesbs9y,reported,0
556b4946ba26feba347c8884ba2c64dc5bc11f609845559f75fc72e899a82c07_original.py,original,260526-n5cksabs9z,reported,0
78570320045cf05f9297839bac1378d953155ca5fddc0cd53ce2844edaca29c5_original.py,original,260526-n5eedabt2s,reported,0
6969e4c81072b318fd1d31c6d96564c0ab0f4c0e20e8e057beac583159dd51d8_original.py,original,260526-n5fx7sbt2v,reported,0
9ece783ac52c9ec2f6bdfa669763a7ed1bbb24af1e04e029a0a91954582690cf_original.py,original,260526-n5hrssbt2w,reported,0
4dba4e8fb73226d18caedccaf01b8a1b6598a5905d4ee81612f6b6a0f661b1e3_original.py,original,260526-n5kw6agy9q,reported,0
0392aa0e39bf544532b042cd21ec49f3aa20ca1fc6dc15ea72b68a0f41213455_original.py,original,260526-n5m2hsgy9r,reported,0
c887c91e88f709630327d9c57ea3e57bd0d66ae409a35a4d8b7673f3faa4af37_original.py,original,260526-n5pv4sgz2k,reported,0
4872e6a6ffd752e71e6e925294a0da3a96d0f9ac4bb74c061391a9d560161b67_original.py,original,260526-n5rdyagz2l,reported,0
40ea161cc38d2849964d2a3c047b4dcc161242f5e7ffab40667a7d02160a49df_original.py,original,260526-n5sxrsbt3s,reported,0
07183a60ebcb02546c53e82d92da3ddcf447d7a1438496c4437ec06b4d9eb287_original.py,original,260526-n5vrcsbt3t,reported,0
e99582098d27cfa84ca98097261e03d597590c6ec15d2f2cc30e2bff5cbed899_original.py,original,260526-n5xwqagz2p,reported,0
e30b0287b47379359ca5239ecf5fde7d6a125675934210496ca064747c194de7_original.py,original,260526-n5zejsgz2r,reported,0
8e615f192dbbb13f51df1e2fdc0a1d31912d0936c83c189b6721d690322d90b9_original.py,original,260526-n5185sbt3v,reported,0
6d3e529a4f86971e5c870ac757b57e1b65452bd134f5dad8d7a34bd96bee6f62_original.py,original,260526-n533qsbt3w,reported,0
