Filename,Polyglot_Type,VT_Analysis_ID,Status
1a0b015f10ddb6773e33e27b07b24b1cd24a5095409173d587c7cdd247169c7b.sh,original,NTk2OTgyZDU0MmJlMDY3YjA3MDc3YTlkYzBlMWRjYmE6MTc3NTIyODMzNw==,Success
6b94e16e486df4ae0960c0cf0ce0e0425a5b9a4b98ea18503468d4cdde93409e.sh,original,NmE4YmI1NDNiM2Q3ZTJlMTkzZTQ3MjE2MWY3NzQwYWU6MTc3NTIyODM1Ng==,Success
c7d62e129de1b306f45aa655f1da8158237b866261df3d1bd1c31ac89f0774c8.sh,original,N2Y1Njk0ZTlkYWNjZjI1OWRjNGE3MzJiMjkwOTA0NzI6MTc3NTIyODM3OA==,Success
2f0e5799b4b47c6a9fb522937ec66d71d34266ac8cf2c077508d794ee1ff71d2.sh,original,YzNiY2FmMGU1ZWZjZmM3MTRiODZmZDExODNhODE1NmE6MTc3NTIyODM5Nw==,Success
24d0d3d9346bc42fc669ab17c3b0cd7cb7fd5b04587842eccdecd40309eb7fd7.sh,original,YmIyODNkNWUzY2JiOGE1YzlkZGUyYjA2ZThlZmMyMTM6MTc3NTIyODQxNg==,Success
e85eb5bccd2cfb000db6a0a4dd0d29921e1e512fa3787a1eb15e764a0b050037.sh,original,NzYwNzQyMmYzNjlhOWQ0NzUyYWJlOTFmMDQ1NWYxMmE6MTc3NTIyODQzNQ==,Success
8033721d48f43261486b402afc26f22e0de686f21d94ad46f2f11ebda780defd.sh,original,ZWJiZDM2MWMzZTY5NDNlYWJjYjMyMmJiYTVkYTgxOTc6MTc3NTIyODQ1Mw==,Success
a4904fb5c97b3b784b94adc86b2882ac18a87720783c48fda93db57cd7782a84.sh,original,ZDgwZTU5NjAyZTRjODI1ZTYwMzg1NmE1Njk1Njc0M2Q6MTc3NTIyODQ3NQ==,Success
351e5de41242d19e1b065712e72fe9e420eebba0e7c25b721ad0ab11c119e555.sh,original,YjM0MTM4NzcwZGRlYzM1YWY5NmRmMDJmMTIzYTA3MTI6MTc3NTIyODQ5Mw==,Success
5d81829595150eb5f702e5dcc8c0005e95e216e08947fed48b67c35c9ef73708.sh,original,YjcyYzJiZTk2NTFlZGU1ZjMzNzkyNmM2YjU4MzA2MjQ6MTc3NTIyODUxMw==,Success
b0847d54bcb077c51e83f03e82f61063ce76325b3467cbb1dcf90eb076a3787e.sh,original,NGY1YTRiNDE2ZWIyNjkwZTFmMGMzY2U0ZWZkY2JkMDU6MTc3NTIyODU1MA==,Success
2da6979700ca47740c94446df38096017166eecb4206af33aa1d55c9346593ea.sh,original,ZTk1OTIzY2FjMjJjODAwMGJmNWQzNDk2Yzc5M2YzNDg6MTc3NTIyODU2OQ==,Success
3619fbcb12d39bbc5009f473a25dcfc95b543f67cbdb88ab203bc4259903eab1.sh,original,Mzc2NGExZjNmYTY0ZWJlYTQ4NjNmMTRhOGZjOGYyN2I6MTc3NTIyODU4OQ==,Success
59d2899a00e51d8f410c5ff2f573fe1d21b9b6c71c010f53aac1a73e64ad0480.sh,original,NGIwYjMwMWVhZTNiMmY4NTU3NDA2YzcxMGRiMzNkN2E6MTc3NTIyODYxMA==,Success
80729e37f797da2b5a177867306318626e52b675f44fa441c256d139e88f69df.sh,original,MWYwZjk1NDUxNzgzZmYzNDYwMzM3ZTMyYTQ2YTllM2M6MTc3NTIyODYyOA==,Success
cefe4982af641fcbb0a1a30faaa639f0de617124bb282aa9394aa2a8ee4634e6.sh,original,YWQzOTA3YzY0YzYzMmE0N2Q3ZjEzYTMyZjE0ZGViY2Q6MTc3NTIyODY0Nw==,Success
60f401afeb6054e531916adb8118df45fcd7d4c1d166ac28197c67ecba2ba60c.sh,original,MzE5ZWEzNDE5NzNmNzlhMDc2N2Q2MDczMDJkMGZjMDU6MTc3NTIyODY2Ng==,Success
b2e7757aac7af333aa53fb170c196bd4f324bdb60b841f6c7f233cb7b6dfc042.sh,original,OTY3ZGU1MjJjMzI2ZDI5NjJmNzIyNmI3MTgyMjUxNWQ6MTc3NTIyODY4NA==,Success
a40ad0e99455b45c535e5e0b12c76bf417a198591dd83b3403ccc02362be11e2.sh,original,ZGIxNGIwOGYwOTBkMWE0NjFhYzlhMWM1N2VhZGNlOWY6MTc3NTIyODcwMw==,Success
9c15f56d1167f8e3cad9bcb719ed6e304e1eb00c84e669325f825f629bc0610d.sh,original,ZTc2N2Y4NGU0MGQ2Zjg2Mjg4MmI0Mzk5ZmZiZGZjOWQ6MTc3NTIyODcyMQ==,Success
1b52d27482ab140ea372e8ce644585013d1b9c5618b1d7880c164549eb15f18c.sh,original,NGFjM2UzYjFmMGQwNTRhNGVkNjgyYTFkNmE1M2RkYjM6MTc3NTIyODc0MA==,Success
e0d7c7df9562bef40c41835803a4af04a04f4f48f201e56c6f60dc58ae8c65e4.sh,original,YWMwYzU5YTg2YjY4ODQ5Yzg3OWE5MjMwN2QyNDgzYjk6MTc3NTIyODc1OQ==,Success
2ee89245c6dd3edd3e14f8bc52c866757ad98b97955b181d0cd5dc719004b893.sh,original,OWZiZDhjODljNzE1ZWI5OGY2MzNmNTU4OTUxMjU4YmU6MTc3NTIyODc3OA==,Success
396454060ee01e37b2b2cfe165541152283ccba81c2ebab0591f2baa4ec607dd.sh,original,ODQ1NjI2M2I5MmNhYzUyZTY2MWFkMjM4YjljYThiY2I6MTc3NTIyODgwMQ==,Success
83b524467cb1eb5c4807b0f4cec93c5efe6f3b1bbd15f711f4462b15706b863b.sh,original,Mjc0MjM3NDZmNzZlNWU2ZWE0OTIyYjg5OWVkOTFkYmQ6MTc3NTIyODgyMA==,Success
be0fe6a1344b052d4f61cca910f7d26ad02d283f280014eeca0d1cc729e6822a.sh,original,ZjBiMDcxYTY4Zjk2ZjIzYzMyOWFhMzUxNDVhNmQ0MDU6MTc3NTIyODg0MA==,Success
65d10ce7d4cbda9b316b4a4e1d82e0cd111f741b8aa2cf595fd9183de6364a34.sh,original,MGY1MjFlMDU3YmE2MWFlNDkzMjlkYjcyMTQ0NmFlNWE6MTc3NTIyODg1OQ==,Success
92ab54d8ddfe5a408bb519d720fd58b0745c405991e41ec420f9132cdce57e2f.sh,original,Y2RkOTkzMmU1NzU4ODM0ODlhNTQ2YTQ1NWQ5ZTA2YjU6MTc3NTIyODg3OA==,Success
99296550ab836f29ab7b45f18f1a1cb17a102bb81cad83561f615f3a707887d7.sh,original,ODE0ZTdmN2YzMjk2NGNiZjVlYzkxZGJiNTY3NjhkYTg6MTc3NTIyODg5Nw==,Success
afc7822d9e561982f5ed22faf76b35ad4b432eaa6cac0cd0fcafc9e67314a8fd.sh,original,YWQyYmMyMzc3NWY3MGY1ZGNjMjVjOGQzM2JiMzY4YjY6MTc3NTIyODkxNg==,Success
9189499c98ba9a90ecebfb73b559d6bd44009fb7c58ed53f1a103a5b6e51a3f4.sh,original,N2UxNWYyOWU5ZjcwMmY2ZTJmMTg2MGUyNTU3MjdjMTA6MTc3NTIyODkzNA==,Success
1bf4fcd6d035805d44b5ae7ec67860911ed4c43f94e827c988992d0587d1ab40.sh,original,MTUwZGM5YWU3YzU3Mjk1NTJlYzJlOTJhN2JjNDkwOTU6MTc3NTIyODk1NA==,Success
c0469c8400de5b76b99f26aa982023f483df42781813ebbbdaf4e4013d8fdabd.sh,original,NzQzYWMyMWNmOTI0NTM5N2RhZTlmYmZjY2UxYzZjMjA6MTc3NTIyODk3Mg==,Success
19680b70becbd4f0a44115dfa79a717603d530e2826cc6ff6d5645baba9a05c0.sh,original,NWFjZjYzNzcwNjllMTNhNzRjNzAxMTFlNjE1OGUzOGY6MTc3NTIyODk5MQ==,Success
a94f8a04854eba70645d92176a8f1d5e7423f3d92fef3ad721e01e594b3cc535.sh,original,MmNmZDZjNzgwNzU0ZTRhM2ZmMjNhMDM5NTFhMTY3OGY6MTc3NTIyOTAxMA==,Success
5dabcdef5b91370b31f8e78058b0d67ed055159e10f3a38bce0df13da5e6166c.sh,original,MzA3NjcyNzVjYTgyOGVjMWM5ZDYyYmFjY2JiMGNkZjE6MTc3NTIyOTAyOA==,Success
9fb82d137cef8056c62cc85ba2c04e8776074e8e54d1da80f90596cc07ecde33.sh,original,YzRhNTZjODQ2NmUyZmU3NjAwMmU2Y2Y4MDYwMjNiMGI6MTc3NTIyOTA5Nw==,Success
9ca881abd3c11368e381b8a9f6d32ef14e022058ce936922afb82164c17f3310.sh,original,M2QxNTQ2YzhhOTYwMzZiNDI2ZGY0ZWEwN2NiNzBjZWY6MTc3NTIyOTExNw==,Success
b81dbc2439873d2a76e44b22c55251243ed2fa6077a7dbfd00a30a7d635ad9a4.sh,original,MDA5YTU5NGM0Mjk4NDIxOGQyYTg2NDJlNTk1ZTRkN2I6MTc3NTIyOTEzNg==,Success
a58fa03638110727f4a4a227f6ec2c0dceaeb39ccee89d12a4d727bb50d29dc0.sh,original,MjJhMTg5ZTAyNjZlMGFkNzIyYjdlNTg5MjNlYWZhYjU6MTc3NTIyOTE1NQ==,Success
1c8ccda72671132190340a819e4689f94fbc317970d1da3dc44fafa8fb9d1456.sh,original,NjgzNGFmNzBhNzk2ZmJkYzczN2ZjOWJmZGM1ZTkwMTQ6MTc3NTIyOTE3Mw==,Success
465d9e29fd4e7f614deb287428e1b595d291d535de4dfd571ab49da68314bade.sh,original,ZGZiMTljYjI4YTExYjMzZGIwYTgzZDBmMDMzYTAyZjQ6MTc3NTIyOTE5Mg==,Success
4dc4f0f7d86ce580ec9d5afe792681d8c4ce473e96f21cfaa11cec93b1cf2ae6.sh,original,ODQ4NmZiODc1MDBmNDI4MmE2MGMyNzg3MjNkYzUwN2Y6MTc3NTIyOTIxMQ==,Success
21c9ee9681865b3f6a20ac8149a5b7d54ab76ad22ab02ba23c4261ee2a303aeb.sh,original,ZDZlNTdlOTcwNGQ4MTg1ZDM3ODRhNjQxMjJmZmQxN2I6MTc3NTIyOTIzMQ==,Success
5a5a0657dcf5e52fce7ff6ad331b4e655cbaada15029f2eb4b3abca066d0682c.sh,original,Y2EzZjYwYjM5ODExZWZkYzk0M2EyY2NmMmMxMWFlMGM6MTc3NTIyOTI1MQ==,Success
8789320655b785043f30ed458ed5cbd84861fecd46c4b1fa710a29639cd02ecc.sh,original,YTQ3NDkyNmU3MjVlYzQ0NDRmYzI1YmEyYzFkMGU1MTA6MTc3NTIyOTI3MA==,Success
afd4beb3efb2aac7e0f40c5c8544193fb2e2463f1beca8c3db6ac213d507b3e0.sh,original,ODQ2MWNkOGRiNmMyYjgwNTY3MmNlNTA5NjIzMjYzOTQ6MTc3NTIyOTI4OA==,Success
a741e3152b6363815bf47343189b75609f413b6409232c3a9bc00fec95b12dec.sh,original,Y2M5M2Y3ZTcyOWY5MTE1MzJkMzgxYTU5MWE3ODdhYjk6MTc3NTIyOTMwOA==,Success
f44f787ed1febf572ad6b20f972e31dba769b8d19e82b55dcbf251efa0ef47ee.sh,original,NDA3NzlhYjVkZWM1MWZhMjM5NTI2MWU4MWFhMDBjM2M6MTc3NTIyOTMyNg==,Success
6bcae8f7016b166affdff426d2269c23feb5fcf5f482ee809976adea3e0f9453.sh,original,MDM4NDRiZjRiOWI3ZTM5YTQ1YzkxYWVhMjQzZmNjZjc6MTc3NTIyOTM0NQ==,Success
1a0b015f10ddb6773e33e27b07b24b1cd24a5095409173d587c7cdd247169c7b_cavity.sh,cavity,YjBjYjczYmY2ODJiOTFhN2ZiZjcyODE5NTdmY2Y2YzU6MTc3NTIyOTM5OQ==,Success
a40ad0e99455b45c535e5e0b12c76bf417a198591dd83b3403ccc02362be11e2_cavity.sh,cavity,ZmI4ZTViMjE2YTdhOWQ2ODcwNzI2ZTAzN2NiOTA2YzI6MTc3NTIyOTQxOA==,Success
99296550ab836f29ab7b45f18f1a1cb17a102bb81cad83561f615f3a707887d7_cavity.sh,cavity,MGMzNDI0NWNjN2I1Yjk3MTFiZDAwNzc4YzI3ODZkZGY6MTc3NTIyOTQzOA==,Success
4dc4f0f7d86ce580ec9d5afe792681d8c4ce473e96f21cfaa11cec93b1cf2ae6_cavity.sh,cavity,NDkzNmEwOTg2OGJiNjA5OTUwMTg0ZWI4YWFlMDE4NDU6MTc3NTIyOTQ1Ng==,Success
e0d7c7df9562bef40c41835803a4af04a04f4f48f201e56c6f60dc58ae8c65e4_cavity.sh,cavity,OWExYzUzODhiZTQxYTU3MDg2ZDUwMzMxYTc2OTUwMjc6MTc3NTIyOTQ3NA==,Success
2da6979700ca47740c94446df38096017166eecb4206af33aa1d55c9346593ea_cavity.sh,cavity,MTQ0NTcwYTgxMjVhNDY5YmFjMmExNTcyYjJhMjdkNmI6MTc3NTIyOTQ5Mw==,Success
cefe4982af641fcbb0a1a30faaa639f0de617124bb282aa9394aa2a8ee4634e6_cavity.sh,cavity,NWEzZWIxMDlhNjhiMzllNmU0NjU3MGViNDA1NDM1ZWM6MTc3NTIyOTUxMg==,Success
c7d62e129de1b306f45aa655f1da8158237b866261df3d1bd1c31ac89f0774c8_cavity.sh,cavity,ZmU2NmJiOWU3YjYzNDY3NTNhODg2YTFhYmZiMzBmMGU6MTc3NTIyOTUzMw==,Success
1bf4fcd6d035805d44b5ae7ec67860911ed4c43f94e827c988992d0587d1ab40_cavity.sh,cavity,NjNiOWE5MGUwNGViYWQ3MTUxYjk0Y2RmOGE0OGUyYjY6MTc3NTIyOTU1Mw==,Success
80729e37f797da2b5a177867306318626e52b675f44fa441c256d139e88f69df_cavity.sh,cavity,NzAyZDQ4ZTk4NjJjNWZlNDIzYWQzYjFlZDYyMTMwZmM6MTc3NTIyOTU3Mg==,Success
83b524467cb1eb5c4807b0f4cec93c5efe6f3b1bbd15f711f4462b15706b863b_cavity.sh,cavity,OWMxYmE4OTc2ZGEyNDhiYjRkZWE4ODAxYjA1NjEyYzA6MTc3NTIyOTU5MQ==,Success
9fb82d137cef8056c62cc85ba2c04e8776074e8e54d1da80f90596cc07ecde33_cavity.sh,cavity,NjZhYjQ5OWQzNmE5MzY2ZmRlYmVjYWE3MWM5YWY2YjQ6MTc3NTIyOTYzOQ==,Success
6bcae8f7016b166affdff426d2269c23feb5fcf5f482ee809976adea3e0f9453_cavity.sh,cavity,NmRkMjllZmJiYWM0NDFiNzExMzdmNjZkMGIxZWNhOGI6MTc3NTIyOTY1OA==,Success
b0847d54bcb077c51e83f03e82f61063ce76325b3467cbb1dcf90eb076a3787e_cavity.sh,cavity,MGE1MDdhZDBhOWY4ZmFmNzBjMDk0N2Y5MzU0NWFjNTc6MTc3NTIyOTY5Ng==,Success
60f401afeb6054e531916adb8118df45fcd7d4c1d166ac28197c67ecba2ba60c_cavity.sh,cavity,NmRlNmI5YjM1OWM2ZGJiZjhhNDFlZjBhMWFkN2Y4NzY6MTc3NTIyOTcxNA==,Success
19680b70becbd4f0a44115dfa79a717603d530e2826cc6ff6d5645baba9a05c0_cavity.sh,cavity,MDIwNDk1YjU4NzhlNGJhMTgzOWUwMzJkZjNmNmRjNDE6MTc3NTIyOTczMw==,Success
9c15f56d1167f8e3cad9bcb719ed6e304e1eb00c84e669325f825f629bc0610d_cavity.sh,cavity,NjRiNmNlMWU1ZWU3Zjk0ZGNiYTRmMjNjNTM4NmVhODM6MTc3NTIyOTc1Mg==,Success
afc7822d9e561982f5ed22faf76b35ad4b432eaa6cac0cd0fcafc9e67314a8fd_cavity.sh,cavity,OTAyZjMwNmFlMDAxMDlhN2VjMDFmOTQ3MzQxNWMwM2I6MTc3NTIyOTc3Mg==,Success
a94f8a04854eba70645d92176a8f1d5e7423f3d92fef3ad721e01e594b3cc535_cavity.sh,cavity,YjEwYTkwZDJjYmZiZDRlNWM1ZjQxNjk0ODA4M2Q3ZDI6MTc3NTIyOTc5MA==,Success
6b94e16e486df4ae0960c0cf0ce0e0425a5b9a4b98ea18503468d4cdde93409e_cavity.sh,cavity,ODBlYTA4MDE2MjA2MjdjN2VmZDBmMGQxZGI2ZGRhNDQ6MTc3NTIyOTgwOQ==,Success
b81dbc2439873d2a76e44b22c55251243ed2fa6077a7dbfd00a30a7d635ad9a4_cavity.sh,cavity,NGRmZjg2N2JhY2MwOTIzZmVjYzA1YmI0MzhlM2JiZDc6MTc3NTIyOTgyOA==,Success
5d81829595150eb5f702e5dcc8c0005e95e216e08947fed48b67c35c9ef73708_cavity.sh,cavity,ZTU0YjA2ZmQxZDkwMGM4ODZmYzU1MmY5YmExYmNlMTY6MTc3NTIyOTg0OA==,Success
c0469c8400de5b76b99f26aa982023f483df42781813ebbbdaf4e4013d8fdabd_cavity.sh,cavity,MDJiNzZlYzQ2ZTRhYTczMmYxNzlhMzJjNWE2Zjk4MzM6MTc3NTIyOTg2Nw==,Success
465d9e29fd4e7f614deb287428e1b595d291d535de4dfd571ab49da68314bade_cavity.sh,cavity,NTFjMDc4MzU5YWQ2M2Y4NzhhNzA2MTZjZWZmNTA1YTg6MTc3NTIyOTg4Ng==,Success
1c8ccda72671132190340a819e4689f94fbc317970d1da3dc44fafa8fb9d1456_cavity.sh,cavity,Mzc0Nzg4MzAwNWEwNzE0NDBjY2E4YzJiODk2ZWNlZmY6MTc3NTIyOTkwNA==,Success
a4904fb5c97b3b784b94adc86b2882ac18a87720783c48fda93db57cd7782a84_cavity.sh,cavity,MjYzZjllODQ2YzVlNWI3NjJiNTM2ODFiZTkxNjFkZTg6MTc3NTIyOTkyNg==,Success
21c9ee9681865b3f6a20ac8149a5b7d54ab76ad22ab02ba23c4261ee2a303aeb_cavity.sh,cavity,ZmUwMmJlODcyODU3N2U0ZGVlNjE4YmFkNjYzMTFlYTk6MTc3NTIyOTk0NQ==,Success
afd4beb3efb2aac7e0f40c5c8544193fb2e2463f1beca8c3db6ac213d507b3e0_cavity.sh,cavity,MzVkNDk0ZmNhMTYwMmRjNWI2NjkwMjU2MWRiNjg0YTY6MTc3NTIyOTk2NA==,Success
2ee89245c6dd3edd3e14f8bc52c866757ad98b97955b181d0cd5dc719004b893_cavity.sh,cavity,YThmNDI1MTdiZWViN2Q5YjY2MzI1ZTQ0MTI5MTdlNGY6MTc3NTIyOTk4Mw==,Success
351e5de41242d19e1b065712e72fe9e420eebba0e7c25b721ad0ab11c119e555_cavity.sh,cavity,NGJmNGM0YWYwNDkzMjFmNTZlYjVhNTczZTJkMTNkM2M6MTc3NTIzMDAwMg==,Success
92ab54d8ddfe5a408bb519d720fd58b0745c405991e41ec420f9132cdce57e2f_cavity.sh,cavity,OWMzOGNmY2Y5OGVjZTgyYTY0YWU4ZmU2NWQ3NDNhMmY6MTc3NTIzMDAyMA==,Success
3619fbcb12d39bbc5009f473a25dcfc95b543f67cbdb88ab203bc4259903eab1_cavity.sh,cavity,OGVkY2NkMTlkMzM1NGI0NTQzYjY5MGFiM2FkNzFmZDU6MTc3NTIzMDA0MA==,Success
f44f787ed1febf572ad6b20f972e31dba769b8d19e82b55dcbf251efa0ef47ee_cavity.sh,cavity,OTU4Mzc5ODY1YWJlMTNmZGRjNmYzODMwZGM3MGZhN2Q6MTc3NTIzMDA1OQ==,Success
8033721d48f43261486b402afc26f22e0de686f21d94ad46f2f11ebda780defd_cavity.sh,cavity,MTBjMzk2Y2QyNzJlYmE1NGU3YzlhNDRiMGFiMzJiZWM6MTc3NTIzMDA3Nw==,Success
5dabcdef5b91370b31f8e78058b0d67ed055159e10f3a38bce0df13da5e6166c_cavity.sh,cavity,ODVkNzY4NTgzOWJmMWYzZDVlZDIzZDM1ODllNWY0ODQ6MTc3NTIzMDA5Ng==,Success
5a5a0657dcf5e52fce7ff6ad331b4e655cbaada15029f2eb4b3abca066d0682c_cavity.sh,cavity,Y2JhNWFkMjA5MjU4ZmYyNzQ1MWRjYWY1MjRiYjJlNTY6MTc3NTIzMDExNQ==,Success
b2e7757aac7af333aa53fb170c196bd4f324bdb60b841f6c7f233cb7b6dfc042_cavity.sh,cavity,MWJmNDk3Y2ZhZmUyOTRlODAxMmE2MjA5NDZkYWQyZTI6MTc3NTIzMDEzMw==,Success
24d0d3d9346bc42fc669ab17c3b0cd7cb7fd5b04587842eccdecd40309eb7fd7_cavity.sh,cavity,MzY2MmM2NGYyNWQxOTgwMDUwMjFhNWUxZDU2N2ZjYjE6MTc3NTIzMDE1Nw==,Success
59d2899a00e51d8f410c5ff2f573fe1d21b9b6c71c010f53aac1a73e64ad0480_cavity.sh,cavity,Zjc3ZTAxYzFiYTJiZjcxZDY2MGQ2MDg5N2ZhMTFkOTg6MTc3NTIzMDE4MA==,Success
9189499c98ba9a90ecebfb73b559d6bd44009fb7c58ed53f1a103a5b6e51a3f4_cavity.sh,cavity,NDc2MjRmOTM5N2MxMjM1ZGUxNjAwMDRiZmViYjA5Y2I6MTc3NTIzMDE5OQ==,Success
9ca881abd3c11368e381b8a9f6d32ef14e022058ce936922afb82164c17f3310_cavity.sh,cavity,ODJjMTZjOWRhMzU2ZmY1MTU2NzA2ODZmOGNmNTIzZWI6MTc3NTIzMDIxOQ==,Success
65d10ce7d4cbda9b316b4a4e1d82e0cd111f741b8aa2cf595fd9183de6364a34_cavity.sh,cavity,MWMwYTc3ZmFhY2IxY2IzZjcwMjdiYjFmZTM5MmQxMTY6MTc3NTIzMDIzOA==,Success
1b52d27482ab140ea372e8ce644585013d1b9c5618b1d7880c164549eb15f18c_cavity.sh,cavity,NGRkM2MwZDVjZTAxNWQ2OGJjYzRlMWI1OTY1ZTVlMmU6MTc3NTIzMDI1Ng==,Success
e85eb5bccd2cfb000db6a0a4dd0d29921e1e512fa3787a1eb15e764a0b050037_cavity.sh,cavity,ODNmZjEyYmNiZTg2N2QyMzQyYjFkNTA1MmVhNTZjZDY6MTc3NTIzMDI3NQ==,Success
8789320655b785043f30ed458ed5cbd84861fecd46c4b1fa710a29639cd02ecc_cavity.sh,cavity,ZjJkMTBkZDNmNWE4MjhjOTU3MTY5NDdlNGE0ZjJlYmM6MTc3NTIzMDI5NA==,Success
a741e3152b6363815bf47343189b75609f413b6409232c3a9bc00fec95b12dec_cavity.sh,cavity,MGFiM2I0ZTg2ZTg2MmUzODM5NjE5YmIzNzczNmJjNmM6MTc3NTIzMDMxMg==,Success
2f0e5799b4b47c6a9fb522937ec66d71d34266ac8cf2c077508d794ee1ff71d2_cavity.sh,cavity,MTFjYWY3ZGVlNjBiNWE0NDBhMGU4OGZmMTViMzYzMjY6MTc3NTIzMDMzMw==,Success
396454060ee01e37b2b2cfe165541152283ccba81c2ebab0591f2baa4ec607dd_cavity.sh,cavity,MDU1Y2I4M2FkZmM2OWM3YWY4MmM4ZTA3OTUwZDgzMTc6MTc3NTIzMDM1NA==,Success
a58fa03638110727f4a4a227f6ec2c0dceaeb39ccee89d12a4d727bb50d29dc0_cavity.sh,cavity,ZDg1ZGE5ZTQ4MDFlM2Q4Njg2ZTM1ZjMzZmQ0ZDE2MTI6MTc3NTIzMDM3Mw==,Success
be0fe6a1344b052d4f61cca910f7d26ad02d283f280014eeca0d1cc729e6822a_cavity.sh,cavity,YzBlMWI4OWNmMThiMzNkYTYwZmRkODIzMmJiNThmZTQ6MTc3NTIzMDM5Mw==,Success
2ee89245c6dd3edd3e14f8bc52c866757ad98b97955b181d0cd5dc719004b893_stack.sh,stack,Y2RhNTMzMmMyZTU5NzA2NGQyMGI4ZGIzNjBiNTg2MGU6MTc3NTIzMDQxMg==,Success
a40ad0e99455b45c535e5e0b12c76bf417a198591dd83b3403ccc02362be11e2_stack.sh,stack,NzFmMmY0YmRiM2I1YjYzYmRhY2M2MWQ2MDExNjRhZjE6MTc3NTIzMDQzMA==,Success
59d2899a00e51d8f410c5ff2f573fe1d21b9b6c71c010f53aac1a73e64ad0480_stack.sh,stack,NzZhMjYzZDg0NDA4Y2E3ZDg0MzlkYjJhZjg4YTVjOWQ6MTc3NTIzMDQ1NA==,Success
6bcae8f7016b166affdff426d2269c23feb5fcf5f482ee809976adea3e0f9453_stack.sh,stack,NDIxOTM2NThjMTZjMDNhNzYyZWYyZmVhNDFlN2ZlNmI6MTc3NTIzMDQ3Mw==,Success
a4904fb5c97b3b784b94adc86b2882ac18a87720783c48fda93db57cd7782a84_stack.sh,stack,NGJhMWZiM2FlZWFiZmQ0Y2E3YWYzMTIwMTRlMDViMDU6MTc3NTIzMDQ5NA==,Success
cefe4982af641fcbb0a1a30faaa639f0de617124bb282aa9394aa2a8ee4634e6_stack.sh,stack,MmRlNTM3MzRmN2EyOTU3NjY1NzgyNTEwNzIyODkxZmQ6MTc3NTIzMDUxMw==,Success
c7d62e129de1b306f45aa655f1da8158237b866261df3d1bd1c31ac89f0774c8_stack.sh,stack,ZDczNjRmOTE5NjkxNDYxYmRmOGVmODY1YTdjMDhhYjM6MTc3NTIzMDUzNQ==,Success
19680b70becbd4f0a44115dfa79a717603d530e2826cc6ff6d5645baba9a05c0_stack.sh,stack,ZjhkOTM4NGM2NzM5ZmFlOTY2M2I2NGM3NzMwNjkyMTA6MTc3NTIzMDU1Mw==,Success
21c9ee9681865b3f6a20ac8149a5b7d54ab76ad22ab02ba23c4261ee2a303aeb_stack.sh,stack,MTNmOTQxOWU2OTNmNjE1OGFjYzBiYmE1M2Y2YzI1NTg6MTc3NTIzMDU3Mg==,Success
5a5a0657dcf5e52fce7ff6ad331b4e655cbaada15029f2eb4b3abca066d0682c_stack.sh,stack,ODRjNTQ1NTAwMDQyNjUxZDAwNzY3N2ZhYjM1Y2UyMGU6MTc3NTIzMDU5Mg==,Success
396454060ee01e37b2b2cfe165541152283ccba81c2ebab0591f2baa4ec607dd_stack.sh,stack,MGYwNTQ0ZjcwMWY4OWE2MjZjNDAzZWVmZWM0MmZlMzg6MTc3NTIzMDYxMg==,Success
465d9e29fd4e7f614deb287428e1b595d291d535de4dfd571ab49da68314bade_stack.sh,stack,MzQwNTM0ZTczMDJiMDI2MWU3YmQ0NGNlNGMxMTdiMmM6MTc3NTIzMDYzMQ==,Success
a58fa03638110727f4a4a227f6ec2c0dceaeb39ccee89d12a4d727bb50d29dc0_stack.sh,stack,NjFiYWE1YTgzMDUwNGExMGNjMTY2NDI2ODNmMGJlMmI6MTc3NTIzMDY1MQ==,Success
b81dbc2439873d2a76e44b22c55251243ed2fa6077a7dbfd00a30a7d635ad9a4_stack.sh,stack,MTdkMDBmODQwYmMzZGE4NGIwN2ViYWJkMDNlYWM1MmE6MTc3NTIzMDY3MQ==,Success
1c8ccda72671132190340a819e4689f94fbc317970d1da3dc44fafa8fb9d1456_stack.sh,stack,NjFlYTFiODZmMjdmNTM5MGRhODY5ZjZiYzAyNmY1MmE6MTc3NTIzMDY5MA==,Success
a94f8a04854eba70645d92176a8f1d5e7423f3d92fef3ad721e01e594b3cc535_stack.sh,stack,ZTk0MTcyYTdlODY3ZGE4YWE5NDNlNjVhNTE5OTJmNDU6MTc3NTIzMDcwNw==,Success
351e5de41242d19e1b065712e72fe9e420eebba0e7c25b721ad0ab11c119e555_stack.sh,stack,NDQ1Yzk1NWJiM2I3NDc0YzMyZThkNTdlNGRiNmU4MDY6MTc3NTIzMDcyNg==,Success
afd4beb3efb2aac7e0f40c5c8544193fb2e2463f1beca8c3db6ac213d507b3e0_stack.sh,stack,ODViNDdmYWE4MGM0NzAzM2VmOTY0NTk2ZjIyNGEyZmY6MTc3NTIzMDc0NQ==,Success
9189499c98ba9a90ecebfb73b559d6bd44009fb7c58ed53f1a103a5b6e51a3f4_stack.sh,stack,MWQxNjEwNjIzM2Q2NDIyOWUzYzc2Yjc3Y2I3MGQxOTE6MTc3NTIzMDc2NA==,Success
4dc4f0f7d86ce580ec9d5afe792681d8c4ce473e96f21cfaa11cec93b1cf2ae6_stack.sh,stack,OGIwNWZlOGNlZjVlMGI5MDg5YmYxM2NkMjQ2Y2JiNmY6MTc3NTIzMDc4Mw==,Success
b0847d54bcb077c51e83f03e82f61063ce76325b3467cbb1dcf90eb076a3787e_stack.sh,stack,YjNiNmJkYjE5YWZkZjI4MjIxOTRmMTQ1YmRhZTM5MWQ6MTc3NTIzMDgyOA==,Success
99296550ab836f29ab7b45f18f1a1cb17a102bb81cad83561f615f3a707887d7_stack.sh,stack,MDhkZmZiMDhjYmE5YjRlM2E3MjNmZTk5NjU1N2IwNDg6MTc3NTIzMDg0Nw==,Success
1a0b015f10ddb6773e33e27b07b24b1cd24a5095409173d587c7cdd247169c7b_stack.sh,stack,NDI2MWIzNTQ5YzBiNzA0MmRjOTFiNzg2OWFiNGRmMDk6MTc3NTIzMDkxNA==,Success
1b52d27482ab140ea372e8ce644585013d1b9c5618b1d7880c164549eb15f18c_stack.sh,stack,M2U5OGVhZWU5ZGRkNmM2YzBhNTZlNjY1NmIwNWIxMTE6MTc3NTIzMDkzMg==,Success
9fb82d137cef8056c62cc85ba2c04e8776074e8e54d1da80f90596cc07ecde33_stack.sh,stack,YzI1NjQ2ZjRiOTQwNDZjODc1MjBjZTQyY2FmOGM4YjA6MTc3NTIzMDk2Mg==,Success
92ab54d8ddfe5a408bb519d720fd58b0745c405991e41ec420f9132cdce57e2f_stack.sh,stack,ODBkMzBiNzFlM2U2ZDU3NWVjNTVkZWIyMjgzNmIwMDU6MTc3NTIzMDk4MQ==,Success
9ca881abd3c11368e381b8a9f6d32ef14e022058ce936922afb82164c17f3310_stack.sh,stack,NDJhMTdiYjc0NDMyOTE3MTI1ZTY2MWY4NWQ3NGI3MWI6MTc3NTIzMDk5OQ==,Success
3619fbcb12d39bbc5009f473a25dcfc95b543f67cbdb88ab203bc4259903eab1_stack.sh,stack,YzM1MjBjMWNhYWM2MjE2NTFkNjE2NjQxOTBmMzYxNjI6MTc3NTIzMTAxOQ==,Success
8789320655b785043f30ed458ed5cbd84861fecd46c4b1fa710a29639cd02ecc_stack.sh,stack,YWViODRmOTE3YzMzZDYyODQ3YzIxNjk5MGNiNWEyNzM6MTc3NTIzMTAzOA==,Success
80729e37f797da2b5a177867306318626e52b675f44fa441c256d139e88f69df_stack.sh,stack,MGY0YmM1ZmFlNjMxMmI4NTQ5NGY0MGU0NDczMmM4NWI6MTc3NTIzMTA1Nw==,Success
e0d7c7df9562bef40c41835803a4af04a04f4f48f201e56c6f60dc58ae8c65e4_stack.sh,stack,OTA5NmM3NTk5MDNhYTQ1MTA0MGNmMWU2NGM5NjVjOWY6MTc3NTIzMTA3NQ==,Success
2f0e5799b4b47c6a9fb522937ec66d71d34266ac8cf2c077508d794ee1ff71d2_stack.sh,stack,NTI1YmE0ODdmZWQxOGU3MjY0NWQwYzc1MjA1ZTU3Yjk6MTc3NTIzMTA5NQ==,Success
8033721d48f43261486b402afc26f22e0de686f21d94ad46f2f11ebda780defd_stack.sh,stack,NTJiMTFkMGNlYjNmODE1NTBhN2JjMWMzZmYwNGJjZmI6MTc3NTIzMTExNA==,Success
60f401afeb6054e531916adb8118df45fcd7d4c1d166ac28197c67ecba2ba60c_stack.sh,stack,ZTExMzA3YTY0YTIwYzkxZDhiZjYyZTg5YmQxNzllNWU6MTc3NTIzMTEzMw==,Success
5dabcdef5b91370b31f8e78058b0d67ed055159e10f3a38bce0df13da5e6166c_stack.sh,stack,NzM2NDM2YTI4ZTc2ZDQ1NDE1YmI0N2FkYmYxNjY1YjA6MTc3NTIzMTE1Mg==,Success
65d10ce7d4cbda9b316b4a4e1d82e0cd111f741b8aa2cf595fd9183de6364a34_stack.sh,stack,MzY1NWU1NjY0MzgxMjkzNTMzOWM1NWE3MzY1YmE1MzM6MTc3NTIzMTE3MA==,Success
c0469c8400de5b76b99f26aa982023f483df42781813ebbbdaf4e4013d8fdabd_stack.sh,stack,NzY4YTJhMjBiNGEzNGYyNDNkOGVkMzEwMDg4ODI5MWQ6MTc3NTIzMTE4OQ==,Success
afc7822d9e561982f5ed22faf76b35ad4b432eaa6cac0cd0fcafc9e67314a8fd_stack.sh,stack,MmNiOTM5MGJjYTIzY2YwYzAxMGY4YzYxNWRmYjk0NDA6MTc3NTIzMTIwOA==,Success
a741e3152b6363815bf47343189b75609f413b6409232c3a9bc00fec95b12dec_stack.sh,stack,NzdmNGRkYmZlMmI4NTQ3MGVjMjc3YmM4ODZlN2FhNGE6MTc3NTIzMTIyNw==,Success
1bf4fcd6d035805d44b5ae7ec67860911ed4c43f94e827c988992d0587d1ab40_stack.sh,stack,NDliMWE0MzkwZWIwOWNiZWIyNjQyNTk1YTQ1NTA3MTA6MTc3NTIzMTI0Nw==,Success
6b94e16e486df4ae0960c0cf0ce0e0425a5b9a4b98ea18503468d4cdde93409e_stack.sh,stack,NzdlZWNlNTM5NTdmOGQ3OWM4NzI0NTdkYzI5ZGYwOTM6MTc3NTIzMTI2Ng==,Success
f44f787ed1febf572ad6b20f972e31dba769b8d19e82b55dcbf251efa0ef47ee_stack.sh,stack,OGJjYTlhNGEzNTBjY2NlODA1NmQ0YzdkYmEyZDQyNTA6MTc3NTIzMTI4NQ==,Success
24d0d3d9346bc42fc669ab17c3b0cd7cb7fd5b04587842eccdecd40309eb7fd7_stack.sh,stack,YmE3NDc2MGJiN2I5NTI2MWMyMzU0NzU3ZTJiNTgxMGE6MTc3NTIzMTMwNQ==,Success
b2e7757aac7af333aa53fb170c196bd4f324bdb60b841f6c7f233cb7b6dfc042_stack.sh,stack,NjdlNDNlM2UyODlkZDg5NjJjNjRlMzkxNWEwZjZlZmM6MTc3NTIzMTMyNA==,Success
83b524467cb1eb5c4807b0f4cec93c5efe6f3b1bbd15f711f4462b15706b863b_stack.sh,stack,NGNlMzM1MmRhOWU0MzIwNjk2ODhmMTIwODMxZDY1NjM6MTc3NTIzMTM0Mw==,Success
9c15f56d1167f8e3cad9bcb719ed6e304e1eb00c84e669325f825f629bc0610d_stack.sh,stack,Y2JmNTg3YjIwZGFlMzhjNDI1ZGEzZjk0YWY2MGNlZDI6MTc3NTIzMTM2MQ==,Success
5d81829595150eb5f702e5dcc8c0005e95e216e08947fed48b67c35c9ef73708_stack.sh,stack,NzNiNmMzMGQ4YjcwZGYwOTZiYzBmMGMyYmQxNDc0NTQ6MTc3NTIzMTM4MA==,Success
be0fe6a1344b052d4f61cca910f7d26ad02d283f280014eeca0d1cc729e6822a_stack.sh,stack,MWU0MGYzMWUxNDBiZGFlN2FlY2MzMmE3MGE1NjY0NDY6MTc3NTIzMTQwMA==,Success
e85eb5bccd2cfb000db6a0a4dd0d29921e1e512fa3787a1eb15e764a0b050037_stack.sh,stack,NTljZWUzMTNhMWZjYjM4NDRiZWZjNjY5YjFjZDhjZWI6MTc3NTIzMTQxOQ==,Success
2da6979700ca47740c94446df38096017166eecb4206af33aa1d55c9346593ea_stack.sh,stack,ZDc0ZmEzNjBkMzMxYzFjOGJkZDNjNWE2YzQyMGEyZjU6MTc3NTIzMTQzOA==,Success
21c9ee9681865b3f6a20ac8149a5b7d54ab76ad22ab02ba23c4261ee2a303aeb_zipper.sh,zipper,ZWFlOTEwM2JhMzZkNmIyOWVkYzkxYjNkZjhkMzY3ZmE6MTc3NTIzMTQ1Nw==,Success
afc7822d9e561982f5ed22faf76b35ad4b432eaa6cac0cd0fcafc9e67314a8fd_zipper.sh,zipper,MWMzODQxNzRhYTUxYzg5MzY1NmU1ODQ1ZWI1YWM4YjI6MTc3NTIzMTQ3Nw==,Success
e85eb5bccd2cfb000db6a0a4dd0d29921e1e512fa3787a1eb15e764a0b050037_zipper.sh,zipper,N2Q1YTkxMTYwZmMxYThlZDcxNTZkOTIwN2UyNjc2MDc6MTc3NTIzMTQ5NQ==,Success
465d9e29fd4e7f614deb287428e1b595d291d535de4dfd571ab49da68314bade_zipper.sh,zipper,Mzc0NTViNDg0MmE2M2ZlN2IzZjYxNWUxYjcyNzZkOWM6MTc3NTIzMTUxMw==,Success
b0847d54bcb077c51e83f03e82f61063ce76325b3467cbb1dcf90eb076a3787e_zipper.sh,zipper,MGY0NGI2MjIzZjYxYzIxNTBjYWUwMzQ3ZWVjOWU4ZGI6MTc3NTIzMTU2OA==,Success
6bcae8f7016b166affdff426d2269c23feb5fcf5f482ee809976adea3e0f9453_zipper.sh,zipper,MDIzNDM3MjFkMTYxZTYzMmFlNjYyMzcyM2ZkYTRhZWU6MTc3NTIzMTU4Nw==,Success
351e5de41242d19e1b065712e72fe9e420eebba0e7c25b721ad0ab11c119e555_zipper.sh,zipper,ZjlkY2E2ZjU2ZjFjMTUxNDJiOWYxMDM1YWVmNDcyYzU6MTc3NTIzMTYwNg==,Success
92ab54d8ddfe5a408bb519d720fd58b0745c405991e41ec420f9132cdce57e2f_zipper.sh,zipper,YTJjOWIwMjMyOTlmMmYwOWQ0OGM5ZGEzZGY4YzE3ZGU6MTc3NTIzMTYyNQ==,Success
9c15f56d1167f8e3cad9bcb719ed6e304e1eb00c84e669325f825f629bc0610d_zipper.sh,zipper,ZjVmMjg1ZDQ4MzdlN2M1OGUzOTFkNDVkZjhmYjAzMjE6MTc3NTIzMTY0Mw==,Success
afd4beb3efb2aac7e0f40c5c8544193fb2e2463f1beca8c3db6ac213d507b3e0_zipper.sh,zipper,OThiZDIwNjY1OTExNGNkMGI3YmViYTMxZmUyMWQ0NGY6MTc3NTIzMTY2Mg==,Success
be0fe6a1344b052d4f61cca910f7d26ad02d283f280014eeca0d1cc729e6822a_zipper.sh,zipper,OTVhODFlN2Y3ODE1YmIxYTNhOGVkOTcwNjJiNDU4Zjg6MTc3NTIzMTY4Mg==,Success
59d2899a00e51d8f410c5ff2f573fe1d21b9b6c71c010f53aac1a73e64ad0480_zipper.sh,zipper,MjA1ODFmODBlNzkxODc2MTUyZGMxNzA5ZjZmNWZmODQ6MTc3NTIzMTcwNQ==,Success
5a5a0657dcf5e52fce7ff6ad331b4e655cbaada15029f2eb4b3abca066d0682c_zipper.sh,zipper,OTg1NzI2NWNmODI1Yzg1MjcyZTkwZjkzN2ExOTFmZWI6MTc3NTIzMTcyNg==,Success
9fb82d137cef8056c62cc85ba2c04e8776074e8e54d1da80f90596cc07ecde33_zipper.sh,zipper,MDBiN2NiYTNmMmE1OGNkNDg2ZDE4NmZhZmUyNTc3MTM6MTc3NTIzMTc4NA==,Success
19680b70becbd4f0a44115dfa79a717603d530e2826cc6ff6d5645baba9a05c0_zipper.sh,zipper,MjBhYjg4ZWM3MmM2ZTRlMWMyYjEzOGQ5ZmIwZmRiMjI6MTc3NTIzMTgwNA==,Success
2ee89245c6dd3edd3e14f8bc52c866757ad98b97955b181d0cd5dc719004b893_zipper.sh,zipper,ODcwMjhiNDQxYjllNDc1ZGI0ZTZmNDhjOGM1MmYzNTM6MTc3NTIzMTgyMw==,Success
8789320655b785043f30ed458ed5cbd84861fecd46c4b1fa710a29639cd02ecc_zipper.sh,zipper,M2VlMmZhOGY4YWMxYTUzMjgxMTM1MTJlOWE2MTg4YjM6MTc3NTIzMTg0Mg==,Success
1c8ccda72671132190340a819e4689f94fbc317970d1da3dc44fafa8fb9d1456_zipper.sh,zipper,NGUxMGU4YTJkNDUyY2MwMzMyZDMwNDZiMDkxYWQyYzA6MTc3NTIzMTg2MA==,Success
a741e3152b6363815bf47343189b75609f413b6409232c3a9bc00fec95b12dec_zipper.sh,zipper,M2JmMzEzZTY1YjY2MDQzOTRkOWU0NTRlNjM2NWMyODI6MTc3NTIzMTg3OQ==,Success
24d0d3d9346bc42fc669ab17c3b0cd7cb7fd5b04587842eccdecd40309eb7fd7_zipper.sh,zipper,YjI2OWNlNDI0N2NlNTQ0YzY3Yzg4MWIyMDVlMDNlNzM6MTc3NTIzMTg5Nw==,Success
a58fa03638110727f4a4a227f6ec2c0dceaeb39ccee89d12a4d727bb50d29dc0_zipper.sh,zipper,ODA4N2I2ZjUzYmEyNjc5ZGQ2NWY4MzVmMzE3YTY0Zjg6MTc3NTIzMTkxNQ==,Success
5dabcdef5b91370b31f8e78058b0d67ed055159e10f3a38bce0df13da5e6166c_zipper.sh,zipper,YzE0ZmM4NjY0ZmVmODYzODI4Yjc0NzU3NWYzNjExYWI6MTc3NTIzMTkzMw==,Success
9189499c98ba9a90ecebfb73b559d6bd44009fb7c58ed53f1a103a5b6e51a3f4_zipper.sh,zipper,YWFiMmY0NTMzNDFmNjAzMzkxNWI0NDg1OWQxYmE3YjU6MTc3NTIzMTk1Mg==,Success
c0469c8400de5b76b99f26aa982023f483df42781813ebbbdaf4e4013d8fdabd_zipper.sh,zipper,YjdkMmY5NThlNmM5NzlhMDM1OGUwZjlmNjM0Mzg1OGQ6MTc3NTIzMTk3MQ==,Success
1a0b015f10ddb6773e33e27b07b24b1cd24a5095409173d587c7cdd247169c7b_zipper.sh,zipper,ZDNmNTI0M2FkZGYwZjZlOTQ5MTI0Y2Y3MDVlZjY4Mjk6MTc3NTIzMjAxNQ==,Success
9ca881abd3c11368e381b8a9f6d32ef14e022058ce936922afb82164c17f3310_zipper.sh,zipper,NDJmNmJlMmYyOGU1Y2JiZGU5OTFmMDQxNDc1ZDAzMjc6MTc3NTIzMjAzNA==,Success
8033721d48f43261486b402afc26f22e0de686f21d94ad46f2f11ebda780defd_zipper.sh,zipper,Mjc2YmI1YTEyOGRmNjU3OTNlMmFlOWJiZTdkNzExMDA6MTc3NTIzMjA1Mg==,Success
6b94e16e486df4ae0960c0cf0ce0e0425a5b9a4b98ea18503468d4cdde93409e_zipper.sh,zipper,YzRkMzg2OTMwNDA3YzhjYTAyM2Q5MDg5NDI3N2FiMTM6MTc3NTIzMjA3MQ==,Success
a4904fb5c97b3b784b94adc86b2882ac18a87720783c48fda93db57cd7782a84_zipper.sh,zipper,OTA4MTA0ZDU1NWE3ZTU4NGJkMGQ2YzQzNDUxYjZjNTY6MTc3NTIzMjA5NA==,Success
2da6979700ca47740c94446df38096017166eecb4206af33aa1d55c9346593ea_zipper.sh,zipper,N2Y0NWUyOGY1Zjk0MTU2MjIyZTdlYTYwNmFhMTRjYmE6MTc3NTIzMjExMg==,Success
99296550ab836f29ab7b45f18f1a1cb17a102bb81cad83561f615f3a707887d7_zipper.sh,zipper,NmE3Y2Q0ZTE1MTMzN2YyOGNiYTg1MDk5ZDU1ZDhlYjY6MTc3NTIzMjEzMQ==,Success
83b524467cb1eb5c4807b0f4cec93c5efe6f3b1bbd15f711f4462b15706b863b_zipper.sh,zipper,N2JlYjUzZjU4ZjVhMmM0NWFmMzA0OTM3NDY4NzliMGE6MTc3NTIzMjE1MQ==,Success
3619fbcb12d39bbc5009f473a25dcfc95b543f67cbdb88ab203bc4259903eab1_zipper.sh,zipper,NjYyMjljZDg1N2JhN2EwZWNkMzY1YjczMzA4NWYxZjA6MTc3NTIzMjE2OA==,Success
f44f787ed1febf572ad6b20f972e31dba769b8d19e82b55dcbf251efa0ef47ee_zipper.sh,zipper,YWExMGM4NzY0YmE4NGRjNmNjMTgxMzViNjk5ZTNiNGE6MTc3NTIzMjE4Nw==,Success
2f0e5799b4b47c6a9fb522937ec66d71d34266ac8cf2c077508d794ee1ff71d2_zipper.sh,zipper,MTZlZThlM2Q2ZDhmM2U1ZjQ4YTY1OGZmMzUxMTM5YmM6MTc3NTIzMjIwNw==,Success
c7d62e129de1b306f45aa655f1da8158237b866261df3d1bd1c31ac89f0774c8_zipper.sh,zipper,YmU0NjBhMTA3NWVkNDBlOGM2Njg3MTc5MTk4N2JkNGE6MTc3NTIzMjIyOA==,Success
60f401afeb6054e531916adb8118df45fcd7d4c1d166ac28197c67ecba2ba60c_zipper.sh,zipper,ZWNlZWRmZjVlODk0ZDNkZTlmNjFjNGNiMDk3Y2RjYzY6MTc3NTIzMjI0Nw==,Success
1b52d27482ab140ea372e8ce644585013d1b9c5618b1d7880c164549eb15f18c_zipper.sh,zipper,M2M3Mzk5MjIyZjE0YmRmOGEzNjBlZDE3ZGM1MzQ2ZDk6MTc3NTIzMjI2Ng==,Success
a94f8a04854eba70645d92176a8f1d5e7423f3d92fef3ad721e01e594b3cc535_zipper.sh,zipper,MGM4YzU3YjgyMTAwYTViMzQ2OWQwZTNiMzllNGUyMTI6MTc3NTIzMjI4NA==,Success
b2e7757aac7af333aa53fb170c196bd4f324bdb60b841f6c7f233cb7b6dfc042_zipper.sh,zipper,NDI2MDU3OGQ0NjE5NjRmNjExMTNiYzYxZWEzMTRhNzk6MTc3NTIzMjMwMw==,Success
5d81829595150eb5f702e5dcc8c0005e95e216e08947fed48b67c35c9ef73708_zipper.sh,zipper,YWJiOWJjMzRjNWUzMjMwZmM4ZjcwNjc0MTBiZjUzYmI6MTc3NTIzMjMyNA==,Success
4dc4f0f7d86ce580ec9d5afe792681d8c4ce473e96f21cfaa11cec93b1cf2ae6_zipper.sh,zipper,OTE5ZDc1MzE1ODk3MTFkZDQxOWU3ZjNlZDY1M2M0NGE6MTc3NTIzMjM0Mw==,Success
e0d7c7df9562bef40c41835803a4af04a04f4f48f201e56c6f60dc58ae8c65e4_zipper.sh,zipper,ODA4MWQzNDA4NWQ0YzY5NzBjZjI0ZmYxZGUxYTI2OTg6MTc3NTIzMjM2Mg==,Success
65d10ce7d4cbda9b316b4a4e1d82e0cd111f741b8aa2cf595fd9183de6364a34_zipper.sh,zipper,NTk4ZGJmYWY1MDQzYWNhNmVjNzJkZDNkOTFlMDQ4ZTM6MTc3NTIzMjM4MA==,Success
cefe4982af641fcbb0a1a30faaa639f0de617124bb282aa9394aa2a8ee4634e6_zipper.sh,zipper,ZDNjMmI5M2E4ZWQ4YzAzNjliMWEyNGM5MzY0OWM3ZTg6MTc3NTIzMjQwMA==,Success
396454060ee01e37b2b2cfe165541152283ccba81c2ebab0591f2baa4ec607dd_zipper.sh,zipper,NmFlMmU4ZmI4MWJkNWMwOGRhMmJhYjY2ZDk0ZTUyNGQ6MTc3NTIzMjQyNQ==,Success
b81dbc2439873d2a76e44b22c55251243ed2fa6077a7dbfd00a30a7d635ad9a4_zipper.sh,zipper,OTAxODM1MGYwNDJjZWI5ZjJjMGEzZmY1YjEyNGQzYjk6MTc3NTIzMjQ0NA==,Success
80729e37f797da2b5a177867306318626e52b675f44fa441c256d139e88f69df_zipper.sh,zipper,ZjE3YWMyNzJjZTM0ODhhNzdmOWVkYjBiMDQ1MTUxMjQ6MTc3NTIzMjQ2Mw==,Success
1bf4fcd6d035805d44b5ae7ec67860911ed4c43f94e827c988992d0587d1ab40_zipper.sh,zipper,N2RhMDBkYjA1MDQ5ZWE2OTAwZGJmM2VkZTdiZjhlMmI6MTc3NTIzMjQ4Mg==,Success
a40ad0e99455b45c535e5e0b12c76bf417a198591dd83b3403ccc02362be11e2_zipper.sh,zipper,ZTcwNzFjYzBlYjMwOGNkYTJkZjk1MDk3YWIyY2EyYWY6MTc3NTIzMjUwMg==,Success
