Filename,Polyglot_Type,Triage_Sample_ID,Status
1a0b015f10ddb6773e33e27b07b24b1cd24a5095409173d587c7cdd247169c7b.sh,original,260411-pnc1naft4r,Success
6b94e16e486df4ae0960c0cf0ce0e0425a5b9a4b98ea18503468d4cdde93409e.sh,original,260411-pne51sas2y,Success
c7d62e129de1b306f45aa655f1da8158237b866261df3d1bd1c31ac89f0774c8.sh,original,260411-pnkeqsas3v,Success
2f0e5799b4b47c6a9fb522937ec66d71d34266ac8cf2c077508d794ee1ff71d2.sh,original,260411-pnmj4aft5m,Success
24d0d3d9346bc42fc669ab17c3b0cd7cb7fd5b04587842eccdecd40309eb7fd7.sh,original,260411-pnpdpaft5n,Success
e85eb5bccd2cfb000db6a0a4dd0d29921e1e512fa3787a1eb15e764a0b050037.sh,original,260411-pnq8aaft5q,Success
8033721d48f43261486b402afc26f22e0de686f21d94ad46f2f11ebda780defd.sh,original,260411-pnsq4sas4x,Success
a4904fb5c97b3b784b94adc86b2882ac18a87720783c48fda93db57cd7782a84.sh,original,260411-pnwg1aas5s,Success
351e5de41242d19e1b065712e72fe9e420eebba0e7c25b721ad0ab11c119e555.sh,original,260411-pnx1tsas5v,Success
5d81829595150eb5f702e5dcc8c0005e95e216e08947fed48b67c35c9ef73708.sh,original,260411-pnz57aft6p,Success
b0847d54bcb077c51e83f03e82f61063ce76325b3467cbb1dcf90eb076a3787e.sh,original,260411-pn91dsas6w,Success
2da6979700ca47740c94446df38096017166eecb4206af33aa1d55c9346593ea.sh,original,260411-ppbtzsft7r,Success
3619fbcb12d39bbc5009f473a25dcfc95b543f67cbdb88ab203bc4259903eab1.sh,original,260411-ppdzcaas7v,Success
59d2899a00e51d8f410c5ff2f573fe1d21b9b6c71c010f53aac1a73e64ad0480.sh,original,260411-pphmjaas8v,Success
80729e37f797da2b5a177867306318626e52b675f44fa441c256d139e88f69df.sh,original,260411-ppkf5aas8x,Success
cefe4982af641fcbb0a1a30faaa639f0de617124bb282aa9394aa2a8ee4634e6.sh,original,260411-ppmaqaft8q,Success
60f401afeb6054e531916adb8118df45fcd7d4c1d166ac28197c67ecba2ba60c.sh,original,260411-ppn5baft9l,Success
b2e7757aac7af333aa53fb170c196bd4f324bdb60b841f6c7f233cb7b6dfc042.sh,original,260411-ppqyxaas9t,Success
a40ad0e99455b45c535e5e0b12c76bf417a198591dd83b3403ccc02362be11e2.sh,original,260411-ppsshaas9w,Success
9c15f56d1167f8e3cad9bcb719ed6e304e1eb00c84e669325f825f629bc0610d.sh,original,260411-ppvbbsfv2k,Success
1b52d27482ab140ea372e8ce644585013d1b9c5618b1d7880c164549eb15f18c.sh,original,260411-ppw5xsfv2m,Success
e0d7c7df9562bef40c41835803a4af04a04f4f48f201e56c6f60dc58ae8c65e4.sh,original,260411-ppyzhsat2v,Success
2ee89245c6dd3edd3e14f8bc52c866757ad98b97955b181d0cd5dc719004b893.sh,original,260411-pp1hcafv3l,Success
396454060ee01e37b2b2cfe165541152283ccba81c2ebab0591f2baa4ec607dd.sh,original,260411-pp53tsat3s,Success
83b524467cb1eb5c4807b0f4cec93c5efe6f3b1bbd15f711f4462b15706b863b.sh,original,260411-pp7xesat3w,Success
be0fe6a1344b052d4f61cca910f7d26ad02d283f280014eeca0d1cc729e6822a.sh,original,260411-pp92safv4k,Success
65d10ce7d4cbda9b316b4a4e1d82e0cd111f741b8aa2cf595fd9183de6364a34.sh,original,260411-pqbwdafv4n,Success
92ab54d8ddfe5a408bb519d720fd58b0745c405991e41ec420f9132cdce57e2f.sh,original,260411-pqdd7sfv5j,Success
99296550ab836f29ab7b45f18f1a1cb17a102bb81cad83561f615f3a707887d7.sh,original,260411-pqfjkafv5m,Success
afc7822d9e561982f5ed22faf76b35ad4b432eaa6cac0cd0fcafc9e67314a8fd.sh,original,260411-pqhc6afv5p,Success
9189499c98ba9a90ecebfb73b559d6bd44009fb7c58ed53f1a103a5b6e51a3f4.sh,original,260411-pqj7raat4t,Success
1bf4fcd6d035805d44b5ae7ec67860911ed4c43f94e827c988992d0587d1ab40.sh,original,260411-pql2caat41,Success
c0469c8400de5b76b99f26aa982023f483df42781813ebbbdaf4e4013d8fdabd.sh,original,260411-pqnvyafv5q,Success
19680b70becbd4f0a44115dfa79a717603d530e2826cc6ff6d5645baba9a05c0.sh,original,260411-pqqpjafv6k,Success
a94f8a04854eba70645d92176a8f1d5e7423f3d92fef3ad721e01e594b3cc535.sh,original,260411-pqr8csfv6l,Success
5dabcdef5b91370b31f8e78058b0d67ed055159e10f3a38bce0df13da5e6166c.sh,original,260411-pqt2ysfv6r,Success
9fb82d137cef8056c62cc85ba2c04e8776074e8e54d1da80f90596cc07ecde33.sh,original,260411-pq9seafv8j,Success
9ca881abd3c11368e381b8a9f6d32ef14e022058ce936922afb82164c17f3310.sh,original,260411-prbl1afv8p,Success
b81dbc2439873d2a76e44b22c55251243ed2fa6077a7dbfd00a30a7d635ad9a4.sh,original,260411-prdrcsat7y,Success
a58fa03638110727f4a4a227f6ec2c0dceaeb39ccee89d12a4d727bb50d29dc0.sh,original,260411-prfkysfv9k,Success
1c8ccda72671132190340a819e4689f94fbc317970d1da3dc44fafa8fb9d1456.sh,original,260411-prhejsat8s,Success
465d9e29fd4e7f614deb287428e1b595d291d535de4dfd571ab49da68314bade.sh,original,260411-prj85sfv9q,Success
4dc4f0f7d86ce580ec9d5afe792681d8c4ce473e96f21cfaa11cec93b1cf2ae6.sh,original,260411-prl3qsfv9r,Success
21c9ee9681865b3f6a20ac8149a5b7d54ab76ad22ab02ba23c4261ee2a303aeb.sh,original,260411-prnxbsfw2p,Success
5a5a0657dcf5e52fce7ff6ad331b4e655cbaada15029f2eb4b3abca066d0682c.sh,original,260411-prq2paat8z,Success
8789320655b785043f30ed458ed5cbd84861fecd46c4b1fa710a29639cd02ecc.sh,original,260411-prswaaat9v,Success
afd4beb3efb2aac7e0f40c5c8544193fb2e2463f1beca8c3db6ac213d507b3e0.sh,original,260411-prvpwafw3p,Success
a741e3152b6363815bf47343189b75609f413b6409232c3a9bc00fec95b12dec.sh,original,260411-prxjgafw4j,Success
f44f787ed1febf572ad6b20f972e31dba769b8d19e82b55dcbf251efa0ef47ee.sh,original,260411-przc3afw4n,Success
6bcae8f7016b166affdff426d2269c23feb5fcf5f482ee809976adea3e0f9453.sh,original,260411-pr1wwsfw4q,Success
1a0b015f10ddb6773e33e27b07b24b1cd24a5095409173d587c7cdd247169c7b_cavity.sh,cavity,260411-psjn1aav4w,Success
a40ad0e99455b45c535e5e0b12c76bf417a198591dd83b3403ccc02362be11e2_cavity.sh,cavity,260411-psltcsav5s,Success
99296550ab836f29ab7b45f18f1a1cb17a102bb81cad83561f615f3a707887d7_cavity.sh,cavity,260411-psnmysav5v,Success
4dc4f0f7d86ce580ec9d5afe792681d8c4ce473e96f21cfaa11cec93b1cf2ae6_cavity.sh,cavity,260411-psqsbafw6p,Success
e0d7c7df9562bef40c41835803a4af04a04f4f48f201e56c6f60dc58ae8c65e4_cavity.sh,cavity,260411-pssa5sfw6r,Success
2da6979700ca47740c94446df38096017166eecb4206af33aa1d55c9346593ea_cavity.sh,cavity,260411-pst5qsfw7n,Success
cefe4982af641fcbb0a1a30faaa639f0de617124bb282aa9394aa2a8ee4634e6_cavity.sh,cavity,260411-pswzbsfw8j,Success
c7d62e129de1b306f45aa655f1da8158237b866261df3d1bd1c31ac89f0774c8_cavity.sh,cavity,260411-ps1mhsfw8q,Success
1bf4fcd6d035805d44b5ae7ec67860911ed4c43f94e827c988992d0587d1ab40_cavity.sh,cavity,260411-ps3rwaav6x,Success
80729e37f797da2b5a177867306318626e52b675f44fa441c256d139e88f69df_cavity.sh,cavity,260411-ps5lgaav7s,Success
83b524467cb1eb5c4807b0f4cec93c5efe6f3b1bbd15f711f4462b15706b863b_cavity.sh,cavity,260411-ps7e3aav7t,Success
9fb82d137cef8056c62cc85ba2c04e8776074e8e54d1da80f90596cc07ecde33_cavity.sh,cavity,260411-ptqtpsfx5l,Success
6bcae8f7016b166affdff426d2269c23feb5fcf5f482ee809976adea3e0f9453_cavity.sh,cavity,260411-ptsnasav8t,Success
b0847d54bcb077c51e83f03e82f61063ce76325b3467cbb1dcf90eb076a3787e_cavity.sh,cavity,260411-pvcngaav9y,Success
60f401afeb6054e531916adb8118df45fcd7d4c1d166ac28197c67ecba2ba60c_cavity.sh,cavity,260411-pveg3aaw2t,Success
19680b70becbd4f0a44115dfa79a717603d530e2826cc6ff6d5645baba9a05c0_cavity.sh,cavity,260411-pvgbnafx8j,Success
9c15f56d1167f8e3cad9bcb719ed6e304e1eb00c84e669325f825f629bc0610d_cavity.sh,cavity,260411-pvh59aaw2x,Success
afc7822d9e561982f5ed22faf76b35ad4b432eaa6cac0cd0fcafc9e67314a8fd_cavity.sh,cavity,260411-pvkzvafx8q,Success
a94f8a04854eba70645d92176a8f1d5e7423f3d92fef3ad721e01e594b3cc535_cavity.sh,cavity,260411-pvl7xaaw2y,Success
6b94e16e486df4ae0960c0cf0ce0e0425a5b9a4b98ea18503468d4cdde93409e_cavity.sh,cavity,260411-pvn2hafx9j,Success
b81dbc2439873d2a76e44b22c55251243ed2fa6077a7dbfd00a30a7d635ad9a4_cavity.sh,cavity,260411-pvqv4aaw3v,Success
5d81829595150eb5f702e5dcc8c0005e95e216e08947fed48b67c35c9ef73708_cavity.sh,cavity,260411-pvsppafx9m,Success
c0469c8400de5b76b99f26aa982023f483df42781813ebbbdaf4e4013d8fdabd_cavity.sh,cavity,260411-pvvjaafx9n,Success
465d9e29fd4e7f614deb287428e1b595d291d535de4dfd571ab49da68314bade_cavity.sh,cavity,260411-pvxcwafy2j,Success
1c8ccda72671132190340a819e4689f94fbc317970d1da3dc44fafa8fb9d1456_cavity.sh,cavity,260411-pvywpsaw4v,Success
a4904fb5c97b3b784b94adc86b2882ac18a87720783c48fda93db57cd7782a84_cavity.sh,cavity,260411-pv2ycsfy2p,Success
21c9ee9681865b3f6a20ac8149a5b7d54ab76ad22ab02ba23c4261ee2a303aeb_cavity.sh,cavity,260411-pv43qaaw4y,Success
afd4beb3efb2aac7e0f40c5c8544193fb2e2463f1beca8c3db6ac213d507b3e0_cavity.sh,cavity,260411-pv6ljsaw5v,Success
2ee89245c6dd3edd3e14f8bc52c866757ad98b97955b181d0cd5dc719004b893_cavity.sh,cavity,260411-pv8e5sfy3j,Success
351e5de41242d19e1b065712e72fe9e420eebba0e7c25b721ad0ab11c119e555_cavity.sh,cavity,260411-pv99qsaw5x,Success
92ab54d8ddfe5a408bb519d720fd58b0745c405991e41ec420f9132cdce57e2f_cavity.sh,cavity,260411-pwb4bsaw5y,Success
3619fbcb12d39bbc5009f473a25dcfc95b543f67cbdb88ab203bc4259903eab1_cavity.sh,cavity,260411-pwdxxsaw6t,Success
f44f787ed1febf572ad6b20f972e31dba769b8d19e82b55dcbf251efa0ef47ee_cavity.sh,cavity,260411-pwfrhsaw6w,Success
8033721d48f43261486b402afc26f22e0de686f21d94ad46f2f11ebda780defd_cavity.sh,cavity,260411-pwhk4saw7s,Success
5dabcdef5b91370b31f8e78058b0d67ed055159e10f3a38bce0df13da5e6166c_cavity.sh,cavity,260411-pwj4yaaw7w,Success
5a5a0657dcf5e52fce7ff6ad331b4e655cbaada15029f2eb4b3abca066d0682c_cavity.sh,cavity,260411-pwl9asfy3r,Success
b2e7757aac7af333aa53fb170c196bd4f324bdb60b841f6c7f233cb7b6dfc042_cavity.sh,cavity,260411-pwn3wsaw8x,Success
24d0d3d9346bc42fc669ab17c3b0cd7cb7fd5b04587842eccdecd40309eb7fd7_cavity.sh,cavity,260411-pwq79aaw9s,Success
59d2899a00e51d8f410c5ff2f573fe1d21b9b6c71c010f53aac1a73e64ad0480_cavity.sh,cavity,260411-pwvknsaw9w,Success
9189499c98ba9a90ecebfb73b559d6bd44009fb7c58ed53f1a103a5b6e51a3f4_cavity.sh,cavity,260411-pwxd9sfy4r,Success
9ca881abd3c11368e381b8a9f6d32ef14e022058ce936922afb82164c17f3310_cavity.sh,cavity,260411-pwy8vsax2s,Success
65d10ce7d4cbda9b316b4a4e1d82e0cd111f741b8aa2cf595fd9183de6364a34_cavity.sh,cavity,260411-pw13fsfy5j,Success
1b52d27482ab140ea372e8ce644585013d1b9c5618b1d7880c164549eb15f18c_cavity.sh,cavity,260411-pw3w2sfy5p,Success
e85eb5bccd2cfb000db6a0a4dd0d29921e1e512fa3787a1eb15e764a0b050037_cavity.sh,cavity,260411-pw5ewafy6j,Success
8789320655b785043f30ed458ed5cbd84861fecd46c4b1fa710a29639cd02ecc_cavity.sh,cavity,260411-pw7j8sax2y,Success
a741e3152b6363815bf47343189b75609f413b6409232c3a9bc00fec95b12dec_cavity.sh,cavity,260411-pw833aax21,Success
2f0e5799b4b47c6a9fb522937ec66d71d34266ac8cf2c077508d794ee1ff71d2_cavity.sh,cavity,260411-pxa8esfy6p,Success
396454060ee01e37b2b2cfe165541152283ccba81c2ebab0591f2baa4ec607dd_cavity.sh,cavity,260411-pxd93sfy6r,Success
a58fa03638110727f4a4a227f6ec2c0dceaeb39ccee89d12a4d727bb50d29dc0_cavity.sh,cavity,260411-pxgefaax3z,Success
be0fe6a1344b052d4f61cca910f7d26ad02d283f280014eeca0d1cc729e6822a_cavity.sh,cavity,260411-pxh82aax4v,Success
2ee89245c6dd3edd3e14f8bc52c866757ad98b97955b181d0cd5dc719004b893_stack.sh,stack,260411-pxlddsax4y,Success
a40ad0e99455b45c535e5e0b12c76bf417a198591dd83b3403ccc02362be11e2_stack.sh,stack,260411-pxm7zsax5v,Success
59d2899a00e51d8f410c5ff2f573fe1d21b9b6c71c010f53aac1a73e64ad0480_stack.sh,stack,260411-pxrkeaax6s,Success
6bcae8f7016b166affdff426d2269c23feb5fcf5f482ee809976adea3e0f9453_stack.sh,stack,260411-pxtd1aax6y,Success
a4904fb5c97b3b784b94adc86b2882ac18a87720783c48fda93db57cd7782a84_stack.sh,stack,260411-pxxresfy7l,Success
cefe4982af641fcbb0a1a30faaa639f0de617124bb282aa9394aa2a8ee4634e6_stack.sh,stack,260411-pxzk1sfy7r,Success
c7d62e129de1b306f45aa655f1da8158237b866261df3d1bd1c31ac89f0774c8_stack.sh,stack,260411-px3bxaax7t,Success
19680b70becbd4f0a44115dfa79a717603d530e2826cc6ff6d5645baba9a05c0_stack.sh,stack,260411-px46haax7x,Success
21c9ee9681865b3f6a20ac8149a5b7d54ab76ad22ab02ba23c4261ee2a303aeb_stack.sh,stack,260411-px7avsax71,Success
5a5a0657dcf5e52fce7ff6ad331b4e655cbaada15029f2eb4b3abca066d0682c_stack.sh,stack,260411-px85fsfy8l,Success
396454060ee01e37b2b2cfe165541152283ccba81c2ebab0591f2baa4ec607dd_stack.sh,stack,260411-pyc4eafy9l,Success
465d9e29fd4e7f614deb287428e1b595d291d535de4dfd571ab49da68314bade_stack.sh,stack,260411-pyex1afy9n,Success
a58fa03638110727f4a4a227f6ec2c0dceaeb39ccee89d12a4d727bb50d29dc0_stack.sh,stack,260411-pygrlaax8v,Success
b81dbc2439873d2a76e44b22c55251243ed2fa6077a7dbfd00a30a7d635ad9a4_stack.sh,stack,260411-pyjk7afz2j,Success
1c8ccda72671132190340a819e4689f94fbc317970d1da3dc44fafa8fb9d1456_stack.sh,stack,260411-pylqjsfz2m,Success
a94f8a04854eba70645d92176a8f1d5e7423f3d92fef3ad721e01e594b3cc535_stack.sh,stack,260411-pym9daax9t,Success
351e5de41242d19e1b065712e72fe9e420eebba0e7c25b721ad0ab11c119e555_stack.sh,stack,260411-pyp3zaax9w,Success
afd4beb3efb2aac7e0f40c5c8544193fb2e2463f1beca8c3db6ac213d507b3e0_stack.sh,stack,260411-pyrxkaax9y,Success
9189499c98ba9a90ecebfb73b559d6bd44009fb7c58ed53f1a103a5b6e51a3f4_stack.sh,stack,260411-pytq6afz3m,Success
4dc4f0f7d86ce580ec9d5afe792681d8c4ce473e96f21cfaa11cec93b1cf2ae6_stack.sh,stack,260411-pywkrafz3q,Success
b0847d54bcb077c51e83f03e82f61063ce76325b3467cbb1dcf90eb076a3787e_stack.sh,stack,260411-py935sfz4n,Success
99296550ab836f29ab7b45f18f1a1cb17a102bb81cad83561f615f3a707887d7_stack.sh,stack,260411-pzb8hafz4q,Success
1a0b015f10ddb6773e33e27b07b24b1cd24a5095409173d587c7cdd247169c7b_stack.sh,stack,260411-pz7peafz6k,Success
1b52d27482ab140ea372e8ce644585013d1b9c5618b1d7880c164549eb15f18c_stack.sh,stack,260411-pz9trsfz6m,Success
9fb82d137cef8056c62cc85ba2c04e8776074e8e54d1da80f90596cc07ecde33_stack.sh,stack,260411-p1zeesfz8n,Success
92ab54d8ddfe5a408bb519d720fd58b0745c405991e41ec420f9132cdce57e2f_stack.sh,stack,260411-p12jsafz9n,Success
9ca881abd3c11368e381b8a9f6d32ef14e022058ce936922afb82164c17f3310_stack.sh,stack,260411-p14ddaaz2v,Success
3619fbcb12d39bbc5009f473a25dcfc95b543f67cbdb88ab203bc4259903eab1_stack.sh,stack,260411-p157zaaz2z,Success
8789320655b785043f30ed458ed5cbd84861fecd46c4b1fa710a29639cd02ecc_stack.sh,stack,260411-p172kaaz3t,Success
80729e37f797da2b5a177867306318626e52b675f44fa441c256d139e88f69df_stack.sh,stack,260411-p19v6aaz3y,Success
e0d7c7df9562bef40c41835803a4af04a04f4f48f201e56c6f60dc58ae8c65e4_stack.sh,stack,260411-p2bdzsaz4s,Success
2f0e5799b4b47c6a9fb522937ec66d71d34266ac8cf2c077508d794ee1ff71d2_stack.sh,stack,260411-p2c8ksaz4v,Success
8033721d48f43261486b402afc26f22e0de686f21d94ad46f2f11ebda780defd_stack.sh,stack,260411-p2ereaaz4y,Success
60f401afeb6054e531916adb8118df45fcd7d4c1d166ac28197c67ecba2ba60c_stack.sh,stack,260411-p2gk1af13m,Success
5dabcdef5b91370b31f8e78058b0d67ed055159e10f3a38bce0df13da5e6166c_stack.sh,stack,260411-p2jelaaz5y,Success
65d10ce7d4cbda9b316b4a4e1d82e0cd111f741b8aa2cf595fd9183de6364a34_stack.sh,stack,260411-p2kyesf13p,Success
c0469c8400de5b76b99f26aa982023f483df42781813ebbbdaf4e4013d8fdabd_stack.sh,stack,260411-p2mr1sf14l,Success
afc7822d9e561982f5ed22faf76b35ad4b432eaa6cac0cd0fcafc9e67314a8fd_stack.sh,stack,260411-p2pllsf14q,Success
a741e3152b6363815bf47343189b75609f413b6409232c3a9bc00fec95b12dec_stack.sh,stack,260411-p2re7saz7x,Success
1bf4fcd6d035805d44b5ae7ec67860911ed4c43f94e827c988992d0587d1ab40_stack.sh,stack,260411-p2tkkaaz8s,Success
6b94e16e486df4ae0960c0cf0ce0e0425a5b9a4b98ea18503468d4cdde93409e_stack.sh,stack,260411-p2wd6aaz8w,Success
f44f787ed1febf572ad6b20f972e31dba769b8d19e82b55dcbf251efa0ef47ee_stack.sh,stack,260411-p2x8raf15n,Success
24d0d3d9346bc42fc669ab17c3b0cd7cb7fd5b04587842eccdecd40309eb7fd7_stack.sh,stack,260411-p2zrksf15p,Success
b2e7757aac7af333aa53fb170c196bd4f324bdb60b841f6c7f233cb7b6dfc042_stack.sh,stack,260411-p22k6saz9w,Success
83b524467cb1eb5c4807b0f4cec93c5efe6f3b1bbd15f711f4462b15706b863b_stack.sh,stack,260411-p24ersaz91,Success
9c15f56d1167f8e3cad9bcb719ed6e304e1eb00c84e669325f825f629bc0610d_stack.sh,stack,260411-p25ylaa12t,Success
5d81829595150eb5f702e5dcc8c0005e95e216e08947fed48b67c35c9ef73708_stack.sh,stack,260411-p273ysa12w,Success
be0fe6a1344b052d4f61cca910f7d26ad02d283f280014eeca0d1cc729e6822a_stack.sh,stack,260411-p298baa12z,Success
e85eb5bccd2cfb000db6a0a4dd0d29921e1e512fa3787a1eb15e764a0b050037_stack.sh,stack,260411-p3b2xaf16n,Success
2da6979700ca47740c94446df38096017166eecb4206af33aa1d55c9346593ea_stack.sh,stack,260411-p3dwhaf17k,Success
21c9ee9681865b3f6a20ac8149a5b7d54ab76ad22ab02ba23c4261ee2a303aeb_zipper.sh,zipper,260411-p3fp4aa13s,Success
afc7822d9e561982f5ed22faf76b35ad4b432eaa6cac0cd0fcafc9e67314a8fd_zipper.sh,zipper,260411-p3hjpaa13v,Success
e85eb5bccd2cfb000db6a0a4dd0d29921e1e512fa3787a1eb15e764a0b050037_zipper.sh,zipper,260411-p3kdaaa13w,Success
465d9e29fd4e7f614deb287428e1b595d291d535de4dfd571ab49da68314bade_zipper.sh,zipper,260411-p3l7waa13z,Success
b0847d54bcb077c51e83f03e82f61063ce76325b3467cbb1dcf90eb076a3787e_zipper.sh,zipper,260411-p38e4sa16v,Success
6bcae8f7016b166affdff426d2269c23feb5fcf5f482ee809976adea3e0f9453_zipper.sh,zipper,260411-p4akgags2l,Success
351e5de41242d19e1b065712e72fe9e420eebba0e7c25b721ad0ab11c119e555_zipper.sh,zipper,260411-p4cd3aa161,Success
92ab54d8ddfe5a408bb519d720fd58b0745c405991e41ec420f9132cdce57e2f_zipper.sh,zipper,260411-p4d8naa17y,Success
9c15f56d1167f8e3cad9bcb719ed6e304e1eb00c84e669325f825f629bc0610d_zipper.sh,zipper,260411-p4f29aa18t,Success
afd4beb3efb2aac7e0f40c5c8544193fb2e2463f1beca8c3db6ac213d507b3e0_zipper.sh,zipper,260411-p4hwvaa18x,Success
be0fe6a1344b052d4f61cca910f7d26ad02d283f280014eeca0d1cc729e6822a_zipper.sh,zipper,260411-p4k17sa19v,Success
59d2899a00e51d8f410c5ff2f573fe1d21b9b6c71c010f53aac1a73e64ad0480_zipper.sh,zipper,260411-p4n3vsgs3m,Success
5a5a0657dcf5e52fce7ff6ad331b4e655cbaada15029f2eb4b3abca066d0682c_zipper.sh,zipper,260411-p4q78aa19y,Success
9fb82d137cef8056c62cc85ba2c04e8776074e8e54d1da80f90596cc07ecde33_zipper.sh,zipper,260411-p49pkabs5s,Success
19680b70becbd4f0a44115dfa79a717603d530e2826cc6ff6d5645baba9a05c0_zipper.sh,zipper,260411-p5btxsgs3n,Success
2ee89245c6dd3edd3e14f8bc52c866757ad98b97955b181d0cd5dc719004b893_zipper.sh,zipper,260411-p5dnhsgs4k,Success
8789320655b785043f30ed458ed5cbd84861fecd46c4b1fa710a29639cd02ecc_zipper.sh,zipper,260411-p5e7cabs5z,Success
1c8ccda72671132190340a819e4689f94fbc317970d1da3dc44fafa8fb9d1456_zipper.sh,zipper,260411-p5g1yags4m,Success
a741e3152b6363815bf47343189b75609f413b6409232c3a9bc00fec95b12dec_zipper.sh,zipper,260411-p5jvjabs6v,Success
24d0d3d9346bc42fc669ab17c3b0cd7cb7fd5b04587842eccdecd40309eb7fd7_zipper.sh,zipper,260411-p5ldcsbs6y,Success
a58fa03638110727f4a4a227f6ec2c0dceaeb39ccee89d12a4d727bb50d29dc0_zipper.sh,zipper,260411-p5nhqabs6z,Success
5dabcdef5b91370b31f8e78058b0d67ed055159e10f3a38bce0df13da5e6166c_zipper.sh,zipper,260411-p5p2jsbs7v,Success
9189499c98ba9a90ecebfb73b559d6bd44009fb7c58ed53f1a103a5b6e51a3f4_zipper.sh,zipper,260411-p5r6xags5k,Success
c0469c8400de5b76b99f26aa982023f483df42781813ebbbdaf4e4013d8fdabd_zipper.sh,zipper,260411-p5tpqsgs5n,Success
1a0b015f10ddb6773e33e27b07b24b1cd24a5095409173d587c7cdd247169c7b_zipper.sh,zipper,260411-p6cgvabt3t,Success
9ca881abd3c11368e381b8a9f6d32ef14e022058ce936922afb82164c17f3310_zipper.sh,zipper,260411-p6ebfabt3z,Success
8033721d48f43261486b402afc26f22e0de686f21d94ad46f2f11ebda780defd_zipper.sh,zipper,260411-p6f52abt4w,Success
6b94e16e486df4ae0960c0cf0ce0e0425a5b9a4b98ea18503468d4cdde93409e_zipper.sh,zipper,260411-p6hzmags6k,Success
a4904fb5c97b3b784b94adc86b2882ac18a87720783c48fda93db57cd7782a84_zipper.sh,zipper,260411-p6l2aags7j,Success
2da6979700ca47740c94446df38096017166eecb4206af33aa1d55c9346593ea_zipper.sh,zipper,260411-p6nvwags7p,Success
99296550ab836f29ab7b45f18f1a1cb17a102bb81cad83561f615f3a707887d7_zipper.sh,zipper,260411-p6qpgags8k,Success
83b524467cb1eb5c4807b0f4cec93c5efe6f3b1bbd15f711f4462b15706b863b_zipper.sh,zipper,260411-p6sh3ags8n,Success
3619fbcb12d39bbc5009f473a25dcfc95b543f67cbdb88ab203bc4259903eab1_zipper.sh,zipper,260411-p6vnesgs9l,Success
f44f787ed1febf572ad6b20f972e31dba769b8d19e82b55dcbf251efa0ef47ee_zipper.sh,zipper,260411-p6xg1sgs9p,Success
2f0e5799b4b47c6a9fb522937ec66d71d34266ac8cf2c077508d794ee1ff71d2_zipper.sh,zipper,260411-p6zmdagt2l,Success
c7d62e129de1b306f45aa655f1da8158237b866261df3d1bd1c31ac89f0774c8_zipper.sh,zipper,260411-p63n2abt5s,Success
60f401afeb6054e531916adb8118df45fcd7d4c1d166ac28197c67ecba2ba60c_zipper.sh,zipper,260411-p65hmabt5w,Success
1b52d27482ab140ea372e8ce644585013d1b9c5618b1d7880c164549eb15f18c_zipper.sh,zipper,260411-p67b8abt5y,Success
a94f8a04854eba70645d92176a8f1d5e7423f3d92fef3ad721e01e594b3cc535_zipper.sh,zipper,260411-p68v2sbt5z,Success
b2e7757aac7af333aa53fb170c196bd4f324bdb60b841f6c7f233cb7b6dfc042_zipper.sh,zipper,260411-p7a1eabt6w,Success
5d81829595150eb5f702e5dcc8c0005e95e216e08947fed48b67c35c9ef73708_zipper.sh,zipper,260411-p7ct1agt3j,Success
4dc4f0f7d86ce580ec9d5afe792681d8c4ce473e96f21cfaa11cec93b1cf2ae6_zipper.sh,zipper,260411-p7ectsgt3l,Success
e0d7c7df9562bef40c41835803a4af04a04f4f48f201e56c6f60dc58ae8c65e4_zipper.sh,zipper,260411-p7gg7agt3n,Success
65d10ce7d4cbda9b316b4a4e1d82e0cd111f741b8aa2cf595fd9183de6364a34_zipper.sh,zipper,260411-p7jbsagt4j,Success
cefe4982af641fcbb0a1a30faaa639f0de617124bb282aa9394aa2a8ee4634e6_zipper.sh,zipper,260411-p7k6dagt4m,Success
396454060ee01e37b2b2cfe165541152283ccba81c2ebab0591f2baa4ec607dd_zipper.sh,zipper,260411-p7ptkagt5k,Success
b81dbc2439873d2a76e44b22c55251243ed2fa6077a7dbfd00a30a7d635ad9a4_zipper.sh,zipper,260411-p7rm6agt5p,Success
80729e37f797da2b5a177867306318626e52b675f44fa441c256d139e88f69df_zipper.sh,zipper,260411-p7s6zsbt7t,Success
1bf4fcd6d035805d44b5ae7ec67860911ed4c43f94e827c988992d0587d1ab40_zipper.sh,zipper,260411-p7wbcagt5q,Success
a40ad0e99455b45c535e5e0b12c76bf417a198591dd83b3403ccc02362be11e2_zipper.sh,zipper,260411-p7x5yagt6k,Success
